meterUid,interval,timeStamp,import,import,isEstimate,energyUnit,display_name
142812,15,2025-02-22T00:00:00+0800,132271358,35301144,FALSE,Wh,Grid meter
142812,15,2025-02-22T00:15:00+0800,132272470,35301144,FALSE,Wh,Grid meter
142812,15,2025-02-22T00:30:00+0800,132273280,35301144,FALSE,Wh,Grid meter
142812,15,2025-02-22T00:45:00+0800,132274012,35301144,FALSE,Wh,Grid meter
142812,15,2025-02-22T01:00:00+0800,132274658,35301144,FALSE,Wh,Grid meter
142812,15,2025-02-22T01:15:00+0800,132275268,35301144,FALSE,Wh,Grid meter
142812,15,2025-02-22T01:30:00+0800,132275878,35301144,FALSE,Wh,Grid meter
142812,15,2025-02-22T01:45:00+0800,132276452,35301144,FALSE,Wh,Grid meter
142812,15,2025-02-22T02:00:00+0800,132277555,35301144,FALSE,Wh,Grid meter
142812,15,2025-02-22T02:15:00+0800,132278197,35301144,FALSE,Wh,Grid meter
142812,15,2025-02-22T02:30:00+0800,132278807,35301144,FALSE,Wh,Grid meter
142812,15,2025-02-22T02:45:00+0800,132279444,35301144,FALSE,Wh,Grid meter
142812,15,2025-02-22T03:00:00+0800,132280027,35301144,FALSE,Wh,Grid meter
142812,15,2025-02-22T03:15:00+0800,132280583,35301144,FALSE,Wh,Grid meter
142812,15,2025-02-22T03:30:00+0800,132281437,35301144,FALSE,Wh,Grid meter
142812,15,2025-02-22T03:45:00+0800,132281989,35301144,FALSE,Wh,Grid meter
142812,15,2025-02-22T04:00:00+0800,132282608,35301144,FALSE,Wh,Grid meter
142812,15,2025-02-22T04:15:00+0800,132283633,35301144,FALSE,Wh,Grid meter
142812,15,2025-02-22T04:30:00+0800,132285227,35301144,FALSE,Wh,Grid meter
142812,15,2025-02-22T04:45:00+0800,132285871,35301144,FALSE,Wh,Grid meter
142812,15,2025-02-22T05:00:00+0800,132286525,35301144,FALSE,Wh,Grid meter
142812,15,2025-02-22T05:15:00+0800,132287155,35301144,FALSE,Wh,Grid meter
142812,15,2025-02-22T05:30:00+0800,132287692,35301144,FALSE,Wh,Grid meter
142812,15,2025-02-22T05:45:00+0800,132288242,35301144,FALSE,Wh,Grid meter
142812,15,2025-02-22T06:00:00+0800,132288824,35301144,FALSE,Wh,Grid meter
142812,15,2025-02-22T06:15:00+0800,132289404,35301144,FALSE,Wh,Grid meter
142812,15,2025-02-22T06:30:00+0800,132289965,35301144,FALSE,Wh,Grid meter
142812,15,2025-02-22T06:45:00+0800,132291236,35301144,FALSE,Wh,Grid meter
142812,15,2025-02-22T07:00:00+0800,132292559,35301144,FALSE,Wh,Grid meter
142812,15,2025-02-22T07:15:00+0800,132292807,35301154,FALSE,Wh,Grid meter
142812,15,2025-02-22T07:30:00+0800,132293171,35301168,FALSE,Wh,Grid meter
142812,15,2025-02-22T07:45:00+0800,132293175,35301180,FALSE,Wh,Grid meter
142812,15,2025-02-22T08:00:00+0800,132293220,35301230,FALSE,Wh,Grid meter
142812,15,2025-02-22T08:15:00+0800,132293299,35301280,FALSE,Wh,Grid meter
142812,15,2025-02-22T08:30:00+0800,132293345,35301394,FALSE,Wh,Grid meter
142812,15,2025-02-22T08:45:00+0800,132293725,35301397,FALSE,Wh,Grid meter
142812,15,2025-02-22T09:00:00+0800,132293841,35301658,FALSE,Wh,Grid meter
142812,15,2025-02-22T09:15:00+0800,132293867,35301734,FALSE,Wh,Grid meter
142812,15,2025-02-22T09:30:00+0800,132293921,35301802,FALSE,Wh,Grid meter
142812,15,2025-02-22T09:45:00+0800,132293935,35302018,FALSE,Wh,Grid meter
142812,15,2025-02-22T10:00:00+0800,132293935,35302824,FALSE,Wh,Grid meter
142812,15,2025-02-22T10:15:00+0800,132293935,35303952,FALSE,Wh,Grid meter
142812,15,2025-02-22T10:30:00+0800,132293935,35305156,FALSE,Wh,Grid meter
142812,15,2025-02-22T10:45:00+0800,132293935,35306456,FALSE,Wh,Grid meter
142812,15,2025-02-22T11:00:00+0800,132293935,35307400,FALSE,Wh,Grid meter
142812,15,2025-02-22T11:15:00+0800,132293936,35308419,FALSE,Wh,Grid meter
142812,15,2025-02-22T11:30:00+0800,132293936,35309605,FALSE,Wh,Grid meter
142812,15,2025-02-22T11:45:00+0800,132293936,35310719,FALSE,Wh,Grid meter
142812,15,2025-02-22T12:00:00+0800,132293981,35311007,FALSE,Wh,Grid meter
142812,15,2025-02-22T12:15:00+0800,132294077,35311297,FALSE,Wh,Grid meter
142812,15,2025-02-22T12:30:00+0800,132294095,35311572,FALSE,Wh,Grid meter
142812,15,2025-02-22T12:45:00+0800,132294097,35312160,FALSE,Wh,Grid meter
142812,15,2025-02-22T13:00:00+0800,132294110,35312668,FALSE,Wh,Grid meter
142812,15,2025-02-22T13:15:00+0800,132294118,35313531,FALSE,Wh,Grid meter
142812,15,2025-02-22T13:30:00+0800,132294124,35314034,FALSE,Wh,Grid meter
142812,15,2025-02-22T13:45:00+0800,132294131,35314900,FALSE,Wh,Grid meter
142812,15,2025-02-22T14:00:00+0800,132294131,35315861,FALSE,Wh,Grid meter
142812,15,2025-02-22T14:15:00+0800,132294146,35316427,FALSE,Wh,Grid meter
142812,15,2025-02-22T14:30:00+0800,132294146,35317362,FALSE,Wh,Grid meter
142812,15,2025-02-22T14:45:00+0800,132294147,35318412,FALSE,Wh,Grid meter
142812,15,2025-02-22T15:00:00+0800,132294148,35319235,FALSE,Wh,Grid meter
142812,15,2025-02-22T15:15:00+0800,132294168,35319840,FALSE,Wh,Grid meter
142812,15,2025-02-22T15:30:00+0800,132294169,35320490,FALSE,Wh,Grid meter
142812,15,2025-02-22T15:45:00+0800,132294173,35321302,FALSE,Wh,Grid meter
142812,15,2025-02-22T16:00:00+0800,132294174,35322055,FALSE,Wh,Grid meter
142812,15,2025-02-22T16:15:00+0800,132294176,35322771,FALSE,Wh,Grid meter
142812,15,2025-02-22T16:30:00+0800,132294176,35323425,FALSE,Wh,Grid meter
142812,15,2025-02-22T16:45:00+0800,132294187,35323523,FALSE,Wh,Grid meter
142812,15,2025-02-22T17:00:00+0800,132294233,35323666,FALSE,Wh,Grid meter
142812,15,2025-02-22T17:15:00+0800,132294246,35323767,FALSE,Wh,Grid meter
142812,15,2025-02-22T17:30:00+0800,132294298,35323820,FALSE,Wh,Grid meter
142812,15,2025-02-22T17:45:00+0800,132294310,35323837,FALSE,Wh,Grid meter
142812,15,2025-02-22T18:00:00+0800,132294470,35323865,FALSE,Wh,Grid meter
142812,15,2025-02-22T18:15:00+0800,132294605,35323900,FALSE,Wh,Grid meter
142812,15,2025-02-22T18:30:00+0800,132294703,35323937,FALSE,Wh,Grid meter
142812,15,2025-02-22T18:45:00+0800,132294853,35323973,FALSE,Wh,Grid meter
142812,15,2025-02-22T19:00:00+0800,132295017,35323993,FALSE,Wh,Grid meter
142812,15,2025-02-22T19:15:00+0800,132295334,35324018,FALSE,Wh,Grid meter
142812,15,2025-02-22T19:30:00+0800,132296352,35324023,FALSE,Wh,Grid meter
142812,15,2025-02-22T19:45:00+0800,132296829,35324040,FALSE,Wh,Grid meter
142812,15,2025-02-22T20:00:00+0800,132297217,35324052,FALSE,Wh,Grid meter
142812,15,2025-02-22T20:15:00+0800,132297274,35324075,FALSE,Wh,Grid meter
142812,15,2025-02-22T20:30:00+0800,132297308,35324113,FALSE,Wh,Grid meter
142812,15,2025-02-22T20:45:00+0800,132297314,35324126,FALSE,Wh,Grid meter
142812,15,2025-02-22T21:00:00+0800,132297337,35324154,FALSE,Wh,Grid meter
142812,15,2025-02-22T21:15:00+0800,132297343,35324163,FALSE,Wh,Grid meter
142812,15,2025-02-22T21:30:00+0800,132297436,35324172,FALSE,Wh,Grid meter
142812,15,2025-02-22T21:45:00+0800,132297579,35324193,FALSE,Wh,Grid meter
142812,15,2025-02-22T22:00:00+0800,132298026,35324201,FALSE,Wh,Grid meter
142812,15,2025-02-22T22:15:00+0800,132298119,35324208,FALSE,Wh,Grid meter
142812,15,2025-02-22T22:30:00+0800,132299499,35324208,FALSE,Wh,Grid meter
142812,15,2025-02-22T22:45:00+0800,132301131,35324208,FALSE,Wh,Grid meter
142812,15,2025-02-22T23:00:00+0800,132302467,35324208,FALSE,Wh,Grid meter
142812,15,2025-02-22T23:15:00+0800,132303629,35324208,FALSE,Wh,Grid meter
142812,15,2025-02-22T23:30:00+0800,132304403,35324208,FALSE,Wh,Grid meter
142812,15,2025-02-22T23:45:00+0800,132305093,35324208,FALSE,Wh,Grid meter
142812,15,2025-02-23T00:00:00+0800,132306283,35324208,FALSE,Wh,Grid meter
142812,15,2025-02-23T00:15:00+0800,132306969,35324208,FALSE,Wh,Grid meter
142812,15,2025-02-23T00:30:00+0800,132308189,35324208,FALSE,Wh,Grid meter
142812,15,2025-02-23T00:45:00+0800,132309355,35324208,FALSE,Wh,Grid meter
142812,15,2025-02-23T01:00:00+0800,132310090,35324208,FALSE,Wh,Grid meter
142812,15,2025-02-23T01:15:00+0800,132310804,35324208,FALSE,Wh,Grid meter
142812,15,2025-02-23T01:30:00+0800,132311453,35324208,FALSE,Wh,Grid meter
142812,15,2025-02-23T01:45:00+0800,132312035,35324208,FALSE,Wh,Grid meter
142812,15,2025-02-23T02:00:00+0800,132312872,35324208,FALSE,Wh,Grid meter
142812,15,2025-02-23T02:15:00+0800,132313830,35324208,FALSE,Wh,Grid meter
142812,15,2025-02-23T02:30:00+0800,132315252,35324208,FALSE,Wh,Grid meter
142812,15,2025-02-23T02:45:00+0800,132316648,35324208,FALSE,Wh,Grid meter
142812,15,2025-02-23T03:00:00+0800,132317520,35324208,FALSE,Wh,Grid meter
142812,15,2025-02-23T03:15:00+0800,132318981,35324208,FALSE,Wh,Grid meter
142812,15,2025-02-23T03:30:00+0800,132319636,35324208,FALSE,Wh,Grid meter
142812,15,2025-02-23T03:45:00+0800,132320196,35324208,FALSE,Wh,Grid meter
142812,15,2025-02-23T04:00:00+0800,132321105,35324208,FALSE,Wh,Grid meter
142812,15,2025-02-23T04:15:00+0800,132321713,35324208,FALSE,Wh,Grid meter
142812,15,2025-02-23T04:30:00+0800,132322263,35324208,FALSE,Wh,Grid meter
142812,15,2025-02-23T04:45:00+0800,132322745,35324208,FALSE,Wh,Grid meter
142812,15,2025-02-23T05:00:00+0800,132323265,35324208,FALSE,Wh,Grid meter
142812,15,2025-02-23T05:15:00+0800,132323772,35324208,FALSE,Wh,Grid meter
142812,15,2025-02-23T05:30:00+0800,132324268,35324208,FALSE,Wh,Grid meter
142812,15,2025-02-23T05:45:00+0800,132324813,35324208,FALSE,Wh,Grid meter
142812,15,2025-02-23T06:00:00+0800,132325765,35324208,FALSE,Wh,Grid meter
142812,15,2025-02-23T06:15:00+0800,132326419,35324208,FALSE,Wh,Grid meter
142812,15,2025-02-23T06:30:00+0800,132327147,35324208,FALSE,Wh,Grid meter
142812,15,2025-02-23T06:45:00+0800,132327451,35324208,FALSE,Wh,Grid meter
142812,15,2025-02-23T07:00:00+0800,132327663,35324208,FALSE,Wh,Grid meter
142812,15,2025-02-23T07:15:00+0800,132327733,35324224,FALSE,Wh,Grid meter
142812,15,2025-02-23T07:30:00+0800,132327743,35324243,FALSE,Wh,Grid meter
142812,15,2025-02-23T07:45:00+0800,132327750,35324256,FALSE,Wh,Grid meter
142812,15,2025-02-23T08:00:00+0800,132327763,35324270,FALSE,Wh,Grid meter
142812,15,2025-02-23T08:15:00+0800,132327822,35324373,FALSE,Wh,Grid meter
142812,15,2025-02-23T08:30:00+0800,132327855,35324489,FALSE,Wh,Grid meter
142812,15,2025-02-23T08:45:00+0800,132327871,35324520,FALSE,Wh,Grid meter
142812,15,2025-02-23T09:00:00+0800,132327944,35324557,FALSE,Wh,Grid meter
142812,15,2025-02-23T09:15:00+0800,132328011,35324738,FALSE,Wh,Grid meter
142812,15,2025-02-23T09:30:00+0800,132328038,35324790,FALSE,Wh,Grid meter
142812,15,2025-02-23T09:45:00+0800,132328102,35324834,FALSE,Wh,Grid meter
142812,15,2025-02-23T10:00:00+0800,132328146,35324910,FALSE,Wh,Grid meter
142812,15,2025-02-23T10:15:00+0800,132328173,35325121,FALSE,Wh,Grid meter
142812,15,2025-02-23T10:30:00+0800,132328408,35325156,FALSE,Wh,Grid meter
142812,15,2025-02-23T10:45:00+0800,132329061,35325374,FALSE,Wh,Grid meter
142812,15,2025-02-23T11:00:00+0800,132329085,35325624,FALSE,Wh,Grid meter
142812,15,2025-02-23T11:15:00+0800,132329124,35325793,FALSE,Wh,Grid meter
142812,15,2025-02-23T11:30:00+0800,132329157,35326354,FALSE,Wh,Grid meter
142812,15,2025-02-23T11:45:00+0800,132329176,35327038,FALSE,Wh,Grid meter
142812,15,2025-02-23T12:00:00+0800,132329176,35328900,FALSE,Wh,Grid meter
142812,15,2025-02-23T12:15:00+0800,132329178,35329967,FALSE,Wh,Grid meter
142812,15,2025-02-23T12:30:00+0800,132329180,35330664,FALSE,Wh,Grid meter
142812,15,2025-02-23T12:45:00+0800,132329237,35330973,FALSE,Wh,Grid meter
142812,15,2025-02-23T13:00:00+0800,132329308,35331214,FALSE,Wh,Grid meter
142812,15,2025-02-23T13:15:00+0800,132329361,35331553,FALSE,Wh,Grid meter
142812,15,2025-02-23T13:30:00+0800,132329361,35332507,FALSE,Wh,Grid meter
142812,15,2025-02-23T13:45:00+0800,132329361,35333540,FALSE,Wh,Grid meter
142812,15,2025-02-23T14:00:00+0800,132329362,35334839,FALSE,Wh,Grid meter
142812,15,2025-02-23T14:15:00+0800,132329368,35335473,FALSE,Wh,Grid meter
142812,15,2025-02-23T14:30:00+0800,132329368,35336760,FALSE,Wh,Grid meter
142812,15,2025-02-23T14:45:00+0800,132329368,35338233,FALSE,Wh,Grid meter
142812,15,2025-02-23T15:00:00+0800,132329370,35339222,FALSE,Wh,Grid meter
142812,15,2025-02-23T15:15:00+0800,132329370,35340427,FALSE,Wh,Grid meter
142812,15,2025-02-23T15:30:00+0800,132329380,35340778,FALSE,Wh,Grid meter
142812,15,2025-02-23T15:45:00+0800,132329383,35341556,FALSE,Wh,Grid meter
142812,15,2025-02-23T16:00:00+0800,132329386,35341895,FALSE,Wh,Grid meter
142812,15,2025-02-23T16:15:00+0800,132329387,35342347,FALSE,Wh,Grid meter
142812,15,2025-02-23T16:30:00+0800,132329395,35342451,FALSE,Wh,Grid meter
142812,15,2025-02-23T16:45:00+0800,132329396,35342666,FALSE,Wh,Grid meter
142812,15,2025-02-23T17:00:00+0800,132329403,35342820,FALSE,Wh,Grid meter
142812,15,2025-02-23T17:15:00+0800,132329439,35342879,FALSE,Wh,Grid meter
142812,15,2025-02-23T17:30:00+0800,132329690,35342898,FALSE,Wh,Grid meter
142812,15,2025-02-23T17:45:00+0800,132329730,35342910,FALSE,Wh,Grid meter
142812,15,2025-02-23T18:00:00+0800,132329980,35342910,FALSE,Wh,Grid meter
142812,15,2025-02-23T18:15:00+0800,132330728,35342910,FALSE,Wh,Grid meter
142812,15,2025-02-23T18:30:00+0800,132331541,35342910,FALSE,Wh,Grid meter
142812,15,2025-02-23T18:45:00+0800,132332751,35342910,FALSE,Wh,Grid meter
142812,15,2025-02-23T19:00:00+0800,132334994,35342910,FALSE,Wh,Grid meter
142812,15,2025-02-23T19:15:00+0800,132336332,35342910,FALSE,Wh,Grid meter
142812,15,2025-02-23T19:30:00+0800,132337120,35342910,FALSE,Wh,Grid meter
142812,15,2025-02-23T19:45:00+0800,132338715,35342910,FALSE,Wh,Grid meter
142812,15,2025-02-23T20:00:00+0800,132340236,35342910,FALSE,Wh,Grid meter
142812,15,2025-02-23T20:15:00+0800,132341802,35342910,FALSE,Wh,Grid meter
142812,15,2025-02-23T20:30:00+0800,132343357,35342910,FALSE,Wh,Grid meter
142812,15,2025-02-23T20:45:00+0800,132344797,35342910,FALSE,Wh,Grid meter
142812,15,2025-02-23T21:00:00+0800,132346448,35342910,FALSE,Wh,Grid meter
142812,15,2025-02-23T21:15:00+0800,132348496,35342910,FALSE,Wh,Grid meter
142812,15,2025-02-23T21:30:00+0800,132350289,35342910,FALSE,Wh,Grid meter
142812,15,2025-02-23T21:45:00+0800,132352459,35342910,FALSE,Wh,Grid meter
142812,15,2025-02-23T22:00:00+0800,132353377,35342910,FALSE,Wh,Grid meter
142812,15,2025-02-23T22:15:00+0800,132354405,35342910,FALSE,Wh,Grid meter
142812,15,2025-02-23T22:30:00+0800,132355433,35342910,FALSE,Wh,Grid meter
142812,15,2025-02-23T22:45:00+0800,132356479,35342910,FALSE,Wh,Grid meter
142812,15,2025-02-23T23:00:00+0800,132356925,35342910,FALSE,Wh,Grid meter
142812,15,2025-02-23T23:15:00+0800,132357323,35342910,FALSE,Wh,Grid meter
142812,15,2025-02-23T23:30:00+0800,132357585,35342910,FALSE,Wh,Grid meter
142812,15,2025-02-23T23:45:00+0800,132357733,35342911,FALSE,Wh,Grid meter
142812,15,2025-02-24T00:00:00+0800,132357888,35342911,FALSE,Wh,Grid meter
142812,15,2025-02-24T00:15:00+0800,132358614,35342911,FALSE,Wh,Grid meter
142812,15,2025-02-24T00:30:00+0800,132359174,35342911,FALSE,Wh,Grid meter
142812,15,2025-02-24T00:45:00+0800,132359616,35342911,FALSE,Wh,Grid meter
142812,15,2025-02-24T01:00:00+0800,132360521,35342911,FALSE,Wh,Grid meter
142812,15,2025-02-24T01:15:00+0800,132361108,35342911,FALSE,Wh,Grid meter
142812,15,2025-02-24T01:30:00+0800,132361567,35342911,FALSE,Wh,Grid meter
142812,15,2025-02-24T01:45:00+0800,132362182,35342911,FALSE,Wh,Grid meter
142812,15,2025-02-24T02:00:00+0800,132363190,35342911,FALSE,Wh,Grid meter
142812,15,2025-02-24T02:15:00+0800,132363707,35342911,FALSE,Wh,Grid meter
142812,15,2025-02-24T02:30:00+0800,132364246,35342911,FALSE,Wh,Grid meter
142812,15,2025-02-24T02:45:00+0800,132365114,35342911,FALSE,Wh,Grid meter
142812,15,2025-02-24T03:00:00+0800,132365788,35342911,FALSE,Wh,Grid meter
142812,15,2025-02-24T03:15:00+0800,132367233,35342911,FALSE,Wh,Grid meter
142812,15,2025-02-24T03:30:00+0800,132368179,35342911,FALSE,Wh,Grid meter
142812,15,2025-02-24T03:45:00+0800,132368647,35342911,FALSE,Wh,Grid meter
142812,15,2025-02-24T04:00:00+0800,132369520,35342911,FALSE,Wh,Grid meter
142812,15,2025-02-24T04:15:00+0800,132370337,35342911,FALSE,Wh,Grid meter
142812,15,2025-02-24T04:30:00+0800,132371812,35342911,FALSE,Wh,Grid meter
142812,15,2025-02-24T04:45:00+0800,132372470,35342911,FALSE,Wh,Grid meter
142812,15,2025-02-24T05:00:00+0800,132373017,35342911,FALSE,Wh,Grid meter
142812,15,2025-02-24T05:15:00+0800,132373552,35342911,FALSE,Wh,Grid meter
142812,15,2025-02-24T05:30:00+0800,132374631,35342911,FALSE,Wh,Grid meter
142812,15,2025-02-24T05:45:00+0800,132375595,35342911,FALSE,Wh,Grid meter
142812,15,2025-02-24T06:00:00+0800,132376803,35342911,FALSE,Wh,Grid meter
142812,15,2025-02-24T06:15:00+0800,132378122,35342911,FALSE,Wh,Grid meter
142812,15,2025-02-24T06:30:00+0800,132380133,35342911,FALSE,Wh,Grid meter
142812,15,2025-02-24T06:45:00+0800,132381947,35342911,FALSE,Wh,Grid meter
142812,15,2025-02-24T07:00:00+0800,132382694,35342911,FALSE,Wh,Grid meter
142812,15,2025-02-24T07:15:00+0800,132382813,35342913,FALSE,Wh,Grid meter
142812,15,2025-02-24T07:30:00+0800,132382816,35342934,FALSE,Wh,Grid meter
142812,15,2025-02-24T07:45:00+0800,132382820,35342945,FALSE,Wh,Grid meter
142812,15,2025-02-24T08:00:00+0800,132382823,35342957,FALSE,Wh,Grid meter
142812,15,2025-02-24T08:15:00+0800,132382830,35342971,FALSE,Wh,Grid meter
142812,15,2025-02-24T08:30:00+0800,132382835,35342984,FALSE,Wh,Grid meter
142812,15,2025-02-24T08:45:00+0800,132382840,35343007,FALSE,Wh,Grid meter
142812,15,2025-02-24T09:00:00+0800,132382840,35343194,FALSE,Wh,Grid meter
142812,15,2025-02-24T09:15:00+0800,132382852,35343468,FALSE,Wh,Grid meter
142812,15,2025-02-24T09:30:00+0800,132382853,35343876,FALSE,Wh,Grid meter
142812,15,2025-02-24T09:45:00+0800,132382853,35344526,FALSE,Wh,Grid meter
142812,15,2025-02-24T10:00:00+0800,132382853,35345151,FALSE,Wh,Grid meter
142812,15,2025-02-24T10:15:00+0800,132382853,35346170,FALSE,Wh,Grid meter
142812,15,2025-02-24T10:30:00+0800,132382853,35347322,FALSE,Wh,Grid meter
142812,15,2025-02-24T10:45:00+0800,132382853,35348589,FALSE,Wh,Grid meter
142812,15,2025-02-24T11:00:00+0800,132382854,35349612,FALSE,Wh,Grid meter
142812,15,2025-02-24T11:15:00+0800,132382854,35350758,FALSE,Wh,Grid meter
142812,15,2025-02-24T11:30:00+0800,132382854,35351888,FALSE,Wh,Grid meter
142812,15,2025-02-24T11:45:00+0800,132382860,35352676,FALSE,Wh,Grid meter
142812,15,2025-02-24T12:00:00+0800,132382875,35353216,FALSE,Wh,Grid meter
142812,15,2025-02-24T12:15:00+0800,132382876,35354291,FALSE,Wh,Grid meter
142812,15,2025-02-24T12:30:00+0800,132382876,35356017,FALSE,Wh,Grid meter
142812,15,2025-02-24T12:45:00+0800,132382876,35357231,FALSE,Wh,Grid meter
142812,15,2025-02-24T13:00:00+0800,132382876,35358873,FALSE,Wh,Grid meter
142812,15,2025-02-24T13:15:00+0800,132382876,35360800,FALSE,Wh,Grid meter
142812,15,2025-02-24T13:30:00+0800,132382876,35362587,FALSE,Wh,Grid meter
142812,15,2025-02-24T13:45:00+0800,132382876,35364333,FALSE,Wh,Grid meter
142812,15,2025-02-24T14:00:00+0800,132382876,35366481,FALSE,Wh,Grid meter
142812,15,2025-02-24T14:15:00+0800,132382877,35368078,FALSE,Wh,Grid meter
142812,15,2025-02-24T14:30:00+0800,132382877,35369570,FALSE,Wh,Grid meter
142812,15,2025-02-24T14:45:00+0800,132382877,35371045,FALSE,Wh,Grid meter
142812,15,2025-02-24T15:00:00+0800,132382877,35373051,FALSE,Wh,Grid meter
142812,15,2025-02-24T15:15:00+0800,132382877,35374650,FALSE,Wh,Grid meter
142812,15,2025-02-24T15:30:00+0800,132382877,35376277,FALSE,Wh,Grid meter
142812,15,2025-02-24T15:45:00+0800,132382877,35377767,FALSE,Wh,Grid meter
142812,15,2025-02-24T16:00:00+0800,132382941,35378153,FALSE,Wh,Grid meter
142812,15,2025-02-24T16:15:00+0800,132382962,35378701,FALSE,Wh,Grid meter
142812,15,2025-02-24T16:30:00+0800,132382976,35379175,FALSE,Wh,Grid meter
142812,15,2025-02-24T16:45:00+0800,132382996,35379637,FALSE,Wh,Grid meter
142812,15,2025-02-24T17:00:00+0800,132383073,35379756,FALSE,Wh,Grid meter
142812,15,2025-02-24T17:15:00+0800,132383108,35379804,FALSE,Wh,Grid meter
142812,15,2025-02-24T17:30:00+0800,132383302,35379833,FALSE,Wh,Grid meter
142812,15,2025-02-24T17:45:00+0800,132384245,35379833,FALSE,Wh,Grid meter
142812,15,2025-02-24T18:00:00+0800,132385277,35379833,FALSE,Wh,Grid meter
142812,15,2025-02-24T18:15:00+0800,132387369,35379833,FALSE,Wh,Grid meter
142812,15,2025-02-24T18:30:00+0800,132388656,35379833,FALSE,Wh,Grid meter
142812,15,2025-02-24T18:45:00+0800,132391261,35379833,FALSE,Wh,Grid meter
142812,15,2025-02-24T19:00:00+0800,132394529,35379833,FALSE,Wh,Grid meter
142812,15,2025-02-24T19:15:00+0800,132396913,35379833,FALSE,Wh,Grid meter
142812,15,2025-02-24T19:30:00+0800,132398456,35379833,FALSE,Wh,Grid meter
142812,15,2025-02-24T19:45:00+0800,132399132,35379833,FALSE,Wh,Grid meter
142812,15,2025-02-24T20:00:00+0800,132400022,35379833,FALSE,Wh,Grid meter
142812,15,2025-02-24T20:15:00+0800,132400767,35379833,FALSE,Wh,Grid meter
142812,15,2025-02-24T20:30:00+0800,132401051,35379833,FALSE,Wh,Grid meter
142812,15,2025-02-24T20:45:00+0800,132401844,35379833,FALSE,Wh,Grid meter
142812,15,2025-02-24T21:00:00+0800,132402045,35379833,FALSE,Wh,Grid meter
142812,15,2025-02-24T21:15:00+0800,132402478,35379833,FALSE,Wh,Grid meter
142812,15,2025-02-24T21:30:00+0800,132403656,35379833,FALSE,Wh,Grid meter
142812,15,2025-02-24T21:45:00+0800,132404052,35379835,FALSE,Wh,Grid meter
142812,15,2025-02-24T22:00:00+0800,132404580,35379835,FALSE,Wh,Grid meter
142812,15,2025-02-24T22:15:00+0800,132405796,35379835,FALSE,Wh,Grid meter
142812,15,2025-02-24T22:30:00+0800,132406142,35379835,FALSE,Wh,Grid meter
142812,15,2025-02-24T22:45:00+0800,132406674,35379835,FALSE,Wh,Grid meter
142812,15,2025-02-24T23:00:00+0800,132407233,35379835,FALSE,Wh,Grid meter
142812,15,2025-02-24T23:15:00+0800,132407761,35379835,FALSE,Wh,Grid meter
142812,15,2025-02-24T23:30:00+0800,132408687,35379835,FALSE,Wh,Grid meter
142812,15,2025-02-24T23:45:00+0800,132409162,35379835,FALSE,Wh,Grid meter
142812,15,2025-02-25T00:00:00+0800,132409659,35379835,FALSE,Wh,Grid meter
142812,15,2025-02-25T00:15:00+0800,132410101,35379835,FALSE,Wh,Grid meter
142812,15,2025-02-25T00:30:00+0800,132410653,35379835,FALSE,Wh,Grid meter
142812,15,2025-02-25T00:45:00+0800,132411218,35379835,FALSE,Wh,Grid meter
142812,15,2025-02-25T01:00:00+0800,132411785,35379835,FALSE,Wh,Grid meter
142812,15,2025-02-25T01:15:00+0800,132412333,35379835,FALSE,Wh,Grid meter
142812,15,2025-02-25T01:30:00+0800,132412901,35379835,FALSE,Wh,Grid meter
142812,15,2025-02-25T01:45:00+0800,132414058,35379835,FALSE,Wh,Grid meter
142812,15,2025-02-25T02:00:00+0800,132414620,35379835,FALSE,Wh,Grid meter
142812,15,2025-02-25T02:15:00+0800,132415605,35379835,FALSE,Wh,Grid meter
142812,15,2025-02-25T02:30:00+0800,132416227,35379835,FALSE,Wh,Grid meter
142812,15,2025-02-25T02:45:00+0800,132417149,35379835,FALSE,Wh,Grid meter
142812,15,2025-02-25T03:00:00+0800,132417674,35379835,FALSE,Wh,Grid meter
142812,15,2025-02-25T03:15:00+0800,132418604,35379835,FALSE,Wh,Grid meter
142812,15,2025-02-25T03:30:00+0800,132419238,35379835,FALSE,Wh,Grid meter
142812,15,2025-02-25T03:45:00+0800,132420112,35379835,FALSE,Wh,Grid meter
142812,15,2025-02-25T04:00:00+0800,132420677,35379835,FALSE,Wh,Grid meter
142812,15,2025-02-25T04:15:00+0800,132421168,35379835,FALSE,Wh,Grid meter
142812,15,2025-02-25T04:30:00+0800,132422126,35379835,FALSE,Wh,Grid meter
142812,15,2025-02-25T04:45:00+0800,132422619,35379835,FALSE,Wh,Grid meter
142812,15,2025-02-25T05:00:00+0800,132423159,35379835,FALSE,Wh,Grid meter
142812,15,2025-02-25T05:15:00+0800,132423727,35379835,FALSE,Wh,Grid meter
142812,15,2025-02-25T05:30:00+0800,132424174,35379835,FALSE,Wh,Grid meter
142812,15,2025-02-25T05:45:00+0800,132424836,35379835,FALSE,Wh,Grid meter
142812,15,2025-02-25T06:00:00+0800,132425356,35379835,FALSE,Wh,Grid meter
142812,15,2025-02-25T06:15:00+0800,132425815,35379835,FALSE,Wh,Grid meter
142812,15,2025-02-25T06:30:00+0800,132426565,35379835,FALSE,Wh,Grid meter
142812,15,2025-02-25T06:45:00+0800,132427732,35379835,FALSE,Wh,Grid meter
142812,15,2025-02-25T07:00:00+0800,132427984,35379874,FALSE,Wh,Grid meter
142812,15,2025-02-25T07:15:00+0800,132428040,35379934,FALSE,Wh,Grid meter
142812,15,2025-02-25T07:30:00+0800,132428077,35379964,FALSE,Wh,Grid meter
142812,15,2025-02-25T07:45:00+0800,132428342,35379970,FALSE,Wh,Grid meter
142812,15,2025-02-25T08:00:00+0800,132428436,35380044,FALSE,Wh,Grid meter
142812,15,2025-02-25T08:15:00+0800,132428460,35380088,FALSE,Wh,Grid meter
142812,15,2025-02-25T08:30:00+0800,132428468,35380171,FALSE,Wh,Grid meter
142812,15,2025-02-25T08:45:00+0800,132428488,35380221,FALSE,Wh,Grid meter
142812,15,2025-02-25T09:00:00+0800,132428514,35380254,FALSE,Wh,Grid meter
142812,15,2025-02-25T09:15:00+0800,132428534,35380431,FALSE,Wh,Grid meter
142812,15,2025-02-25T09:30:00+0800,132428541,35380500,FALSE,Wh,Grid meter
142812,15,2025-02-25T09:45:00+0800,132428541,35380982,FALSE,Wh,Grid meter
142812,15,2025-02-25T10:00:00+0800,132428556,35381312,FALSE,Wh,Grid meter
142812,15,2025-02-25T10:15:00+0800,132428558,35381513,FALSE,Wh,Grid meter
142812,15,2025-02-25T10:30:00+0800,132428564,35382231,FALSE,Wh,Grid meter
142812,15,2025-02-25T10:45:00+0800,132428596,35382558,FALSE,Wh,Grid meter
142812,15,2025-02-25T11:00:00+0800,132428673,35382745,FALSE,Wh,Grid meter
142812,15,2025-02-25T11:15:00+0800,132428714,35383719,FALSE,Wh,Grid meter
142812,15,2025-02-25T11:30:00+0800,132428798,35384633,FALSE,Wh,Grid meter
142812,15,2025-02-25T11:45:00+0800,132428798,35385419,FALSE,Wh,Grid meter
142812,15,2025-02-25T12:00:00+0800,132428798,35386714,FALSE,Wh,Grid meter
142812,15,2025-02-25T12:15:00+0800,132428916,35387473,FALSE,Wh,Grid meter
142812,15,2025-02-25T12:30:00+0800,132429048,35387772,FALSE,Wh,Grid meter
142812,15,2025-02-25T12:45:00+0800,132429127,35387918,FALSE,Wh,Grid meter
142812,15,2025-02-25T13:00:00+0800,132429331,35388416,FALSE,Wh,Grid meter
142812,15,2025-02-25T13:15:00+0800,132429384,35389140,FALSE,Wh,Grid meter
142812,15,2025-02-25T13:30:00+0800,132429446,35389600,FALSE,Wh,Grid meter
142812,15,2025-02-25T13:45:00+0800,132429465,35390595,FALSE,Wh,Grid meter
142812,15,2025-02-25T14:00:00+0800,132429732,35390814,FALSE,Wh,Grid meter
142812,15,2025-02-25T14:15:00+0800,132429765,35391809,FALSE,Wh,Grid meter
142812,15,2025-02-25T14:30:00+0800,132429773,35393247,FALSE,Wh,Grid meter
142812,15,2025-02-25T14:45:00+0800,132429790,35394207,FALSE,Wh,Grid meter
142812,15,2025-02-25T15:00:00+0800,132429798,35394530,FALSE,Wh,Grid meter
142812,15,2025-02-25T15:15:00+0800,132429813,35395243,FALSE,Wh,Grid meter
142812,15,2025-02-25T15:30:00+0800,132429872,35395567,FALSE,Wh,Grid meter
142812,15,2025-02-25T15:45:00+0800,132430068,35395716,FALSE,Wh,Grid meter
142812,15,2025-02-25T16:00:00+0800,132430157,35396112,FALSE,Wh,Grid meter
142812,15,2025-02-25T16:15:00+0800,132430183,35396520,FALSE,Wh,Grid meter
142812,15,2025-02-25T16:30:00+0800,132430483,35396610,FALSE,Wh,Grid meter
142812,15,2025-02-25T16:45:00+0800,132430511,35396854,FALSE,Wh,Grid meter
142812,15,2025-02-25T17:00:00+0800,132430751,35396931,FALSE,Wh,Grid meter
142812,15,2025-02-25T17:15:00+0800,132430851,35397013,FALSE,Wh,Grid meter
142812,15,2025-02-25T17:30:00+0800,132430992,35397074,FALSE,Wh,Grid meter
142812,15,2025-02-25T17:45:00+0800,132431136,35397115,FALSE,Wh,Grid meter
142812,15,2025-02-25T18:00:00+0800,132432078,35397115,FALSE,Wh,Grid meter
142812,15,2025-02-25T18:15:00+0800,132433483,35397115,FALSE,Wh,Grid meter
142812,15,2025-02-25T18:30:00+0800,132434044,35397116,FALSE,Wh,Grid meter
142812,15,2025-02-25T18:45:00+0800,132435160,35397116,FALSE,Wh,Grid meter
142812,15,2025-02-25T19:00:00+0800,132436185,35397116,FALSE,Wh,Grid meter
142812,15,2025-02-25T19:15:00+0800,132437500,35397116,FALSE,Wh,Grid meter
142812,15,2025-02-25T19:30:00+0800,132438033,35397116,FALSE,Wh,Grid meter
142812,15,2025-02-25T19:45:00+0800,132438441,35397130,FALSE,Wh,Grid meter
142812,15,2025-02-25T20:00:00+0800,132438579,35397156,FALSE,Wh,Grid meter
142812,15,2025-02-25T20:15:00+0800,132439576,35397176,FALSE,Wh,Grid meter
142812,15,2025-02-25T20:30:00+0800,132441120,35397187,FALSE,Wh,Grid meter
142812,15,2025-02-25T20:45:00+0800,132441413,35397194,FALSE,Wh,Grid meter
142812,15,2025-02-25T21:00:00+0800,132441629,35397194,FALSE,Wh,Grid meter
142812,15,2025-02-25T21:15:00+0800,132442175,35397194,FALSE,Wh,Grid meter
142812,15,2025-02-25T21:30:00+0800,132442776,35397194,FALSE,Wh,Grid meter
142812,15,2025-02-25T21:45:00+0800,132443315,35397194,FALSE,Wh,Grid meter
142812,15,2025-02-25T22:00:00+0800,132443895,35397194,FALSE,Wh,Grid meter
142812,15,2025-02-25T22:15:00+0800,132444449,35397194,FALSE,Wh,Grid meter
142812,15,2025-02-25T22:30:00+0800,132444992,35397195,FALSE,Wh,Grid meter
142812,15,2025-02-25T22:45:00+0800,132445330,35397195,FALSE,Wh,Grid meter
142812,15,2025-02-25T23:00:00+0800,132445670,35397195,FALSE,Wh,Grid meter
142812,15,2025-02-25T23:15:00+0800,132445969,35397195,FALSE,Wh,Grid meter
142812,15,2025-02-25T23:30:00+0800,132446566,35397195,FALSE,Wh,Grid meter
142812,15,2025-02-25T23:45:00+0800,132447427,35397195,FALSE,Wh,Grid meter
142812,15,2025-02-26T00:00:00+0800,132447945,35397195,FALSE,Wh,Grid meter
142812,15,2025-02-26T00:15:00+0800,132448425,35397195,FALSE,Wh,Grid meter
142812,15,2025-02-26T00:30:00+0800,132448835,35397195,FALSE,Wh,Grid meter
142812,15,2025-02-26T00:45:00+0800,132449275,35397195,FALSE,Wh,Grid meter
142812,15,2025-02-26T01:00:00+0800,132450300,35397195,FALSE,Wh,Grid meter
142812,15,2025-02-26T01:15:00+0800,132450986,35397195,FALSE,Wh,Grid meter
142812,15,2025-02-26T01:30:00+0800,132451377,35397195,FALSE,Wh,Grid meter
142812,15,2025-02-26T01:45:00+0800,132451993,35397195,FALSE,Wh,Grid meter
142812,15,2025-02-26T02:00:00+0800,132452770,35397195,FALSE,Wh,Grid meter
142812,15,2025-02-26T02:15:00+0800,132453473,35397195,FALSE,Wh,Grid meter
142812,15,2025-02-26T02:30:00+0800,132454652,35397195,FALSE,Wh,Grid meter
142812,15,2025-02-26T02:45:00+0800,132455092,35397195,FALSE,Wh,Grid meter
142812,15,2025-02-26T03:00:00+0800,132455561,35397195,FALSE,Wh,Grid meter
142812,15,2025-02-26T03:15:00+0800,132456013,35397195,FALSE,Wh,Grid meter
142812,15,2025-02-26T03:30:00+0800,132456467,35397195,FALSE,Wh,Grid meter
142812,15,2025-02-26T03:45:00+0800,132456949,35397195,FALSE,Wh,Grid meter
142812,15,2025-02-26T04:00:00+0800,132457417,35397195,FALSE,Wh,Grid meter
142812,15,2025-02-26T04:15:00+0800,132458225,35397195,FALSE,Wh,Grid meter
142812,15,2025-02-26T04:30:00+0800,132459606,35397195,FALSE,Wh,Grid meter
142812,15,2025-02-26T04:45:00+0800,132460110,35397195,FALSE,Wh,Grid meter
142812,15,2025-02-26T05:00:00+0800,132460598,35397195,FALSE,Wh,Grid meter
142812,15,2025-02-26T05:15:00+0800,132461096,35397195,FALSE,Wh,Grid meter
142812,15,2025-02-26T05:30:00+0800,132462710,35397195,FALSE,Wh,Grid meter
142812,15,2025-02-26T05:45:00+0800,132463775,35397195,FALSE,Wh,Grid meter
142812,15,2025-02-26T06:00:00+0800,132464232,35397195,FALSE,Wh,Grid meter
142812,15,2025-02-26T06:15:00+0800,132464812,35397195,FALSE,Wh,Grid meter
142812,15,2025-02-26T06:30:00+0800,132466426,35397195,FALSE,Wh,Grid meter
142812,15,2025-02-26T06:45:00+0800,132467761,35397195,FALSE,Wh,Grid meter
142812,15,2025-02-26T07:00:00+0800,132468398,35397195,FALSE,Wh,Grid meter
142812,15,2025-02-26T07:15:00+0800,132468603,35397195,FALSE,Wh,Grid meter
142812,15,2025-02-26T07:30:00+0800,132468875,35397202,FALSE,Wh,Grid meter
142812,15,2025-02-26T07:45:00+0800,132469418,35397210,FALSE,Wh,Grid meter
142812,15,2025-02-26T08:00:00+0800,132469446,35397237,FALSE,Wh,Grid meter
142812,15,2025-02-26T08:15:00+0800,132469482,35397272,FALSE,Wh,Grid meter
142812,15,2025-02-26T08:30:00+0800,132469499,35397300,FALSE,Wh,Grid meter
142812,15,2025-02-26T08:45:00+0800,132469522,35397319,FALSE,Wh,Grid meter
142812,15,2025-02-26T09:00:00+0800,132469559,35397407,FALSE,Wh,Grid meter
142812,15,2025-02-26T09:15:00+0800,132469614,35397648,FALSE,Wh,Grid meter
142812,15,2025-02-26T09:30:00+0800,132469701,35397844,FALSE,Wh,Grid meter
142812,15,2025-02-26T09:45:00+0800,132469738,35398124,FALSE,Wh,Grid meter
142812,15,2025-02-26T10:00:00+0800,132469739,35398608,FALSE,Wh,Grid meter
142812,15,2025-02-26T10:15:00+0800,132469739,35399165,FALSE,Wh,Grid meter
142812,15,2025-02-26T10:30:00+0800,132469791,35399321,FALSE,Wh,Grid meter
142812,15,2025-02-26T10:45:00+0800,132469844,35399531,FALSE,Wh,Grid meter
142812,15,2025-02-26T11:00:00+0800,132469894,35399654,FALSE,Wh,Grid meter
142812,15,2025-02-26T11:15:00+0800,132469939,35399963,FALSE,Wh,Grid meter
142812,15,2025-02-26T11:30:00+0800,132470030,35400215,FALSE,Wh,Grid meter
142812,15,2025-02-26T11:45:00+0800,132470051,35400577,FALSE,Wh,Grid meter
142812,15,2025-02-26T12:00:00+0800,132470081,35401373,FALSE,Wh,Grid meter
142812,15,2025-02-26T12:15:00+0800,132470178,35401600,FALSE,Wh,Grid meter
142812,15,2025-02-26T12:30:00+0800,132470265,35402158,FALSE,Wh,Grid meter
142812,15,2025-02-26T12:45:00+0800,132470386,35402397,FALSE,Wh,Grid meter
142812,15,2025-02-26T13:00:00+0800,132470694,35402543,FALSE,Wh,Grid meter
142812,15,2025-02-26T13:15:00+0800,132470766,35402596,FALSE,Wh,Grid meter
142812,15,2025-02-26T13:30:00+0800,132470847,35402866,FALSE,Wh,Grid meter
142812,15,2025-02-26T13:45:00+0800,132471017,35403015,FALSE,Wh,Grid meter
142812,15,2025-02-26T14:00:00+0800,132471121,35403073,FALSE,Wh,Grid meter
142812,15,2025-02-26T14:15:00+0800,132471447,35403082,FALSE,Wh,Grid meter
142812,15,2025-02-26T14:30:00+0800,132472690,35403082,FALSE,Wh,Grid meter
142812,15,2025-02-26T14:45:00+0800,132472988,35403097,FALSE,Wh,Grid meter
142812,15,2025-02-26T15:00:00+0800,132473113,35403139,FALSE,Wh,Grid meter
142812,15,2025-02-26T15:15:00+0800,132473122,35403152,FALSE,Wh,Grid meter
142812,15,2025-02-26T15:30:00+0800,132473127,35403163,FALSE,Wh,Grid meter
142812,15,2025-02-26T15:45:00+0800,132473133,35403175,FALSE,Wh,Grid meter
142812,15,2025-02-26T16:00:00+0800,132473235,35403235,FALSE,Wh,Grid meter
142812,15,2025-02-26T16:15:00+0800,132473247,35403254,FALSE,Wh,Grid meter
142812,15,2025-02-26T16:30:00+0800,132473273,35403268,FALSE,Wh,Grid meter
142812,15,2025-02-26T16:45:00+0800,132473389,35403270,FALSE,Wh,Grid meter
142812,15,2025-02-26T17:00:00+0800,132473691,35403294,FALSE,Wh,Grid meter
142812,15,2025-02-26T17:15:00+0800,132474012,35403350,FALSE,Wh,Grid meter
142812,15,2025-02-26T17:30:00+0800,132474220,35403370,FALSE,Wh,Grid meter
142812,15,2025-02-26T17:45:00+0800,132475799,35403370,FALSE,Wh,Grid meter
142812,15,2025-02-26T18:00:00+0800,132476687,35403374,FALSE,Wh,Grid meter
142812,15,2025-02-26T18:15:00+0800,132476962,35403397,FALSE,Wh,Grid meter
142812,15,2025-02-26T18:30:00+0800,132476989,35403414,FALSE,Wh,Grid meter
142812,15,2025-02-26T18:45:00+0800,132476996,35403422,FALSE,Wh,Grid meter
142812,15,2025-02-26T19:00:00+0800,132477760,35403425,FALSE,Wh,Grid meter
142812,15,2025-02-26T19:15:00+0800,132479495,35403425,FALSE,Wh,Grid meter
142812,15,2025-02-26T19:30:00+0800,132481213,35403425,FALSE,Wh,Grid meter
142812,15,2025-02-26T19:45:00+0800,132483275,35403425,FALSE,Wh,Grid meter
142812,15,2025-02-26T20:00:00+0800,132485029,35403425,FALSE,Wh,Grid meter
142812,15,2025-02-26T20:15:00+0800,132487033,35403425,FALSE,Wh,Grid meter
142812,15,2025-02-26T20:30:00+0800,132489233,35403425,FALSE,Wh,Grid meter
142812,15,2025-02-26T20:45:00+0800,132491074,35403425,FALSE,Wh,Grid meter
142812,15,2025-02-26T21:00:00+0800,132493103,35403425,FALSE,Wh,Grid meter
142812,15,2025-02-26T21:15:00+0800,132495030,35403425,FALSE,Wh,Grid meter
142812,15,2025-02-26T21:30:00+0800,132497314,35403425,FALSE,Wh,Grid meter
142812,15,2025-02-26T21:45:00+0800,132500364,35403425,FALSE,Wh,Grid meter
142812,15,2025-02-26T22:00:00+0800,132502423,35403425,FALSE,Wh,Grid meter
142812,15,2025-02-26T22:15:00+0800,132504079,35403425,FALSE,Wh,Grid meter
142812,15,2025-02-26T22:30:00+0800,132505198,35403425,FALSE,Wh,Grid meter
142812,15,2025-02-26T22:45:00+0800,132506163,35403425,FALSE,Wh,Grid meter
142812,15,2025-02-26T23:00:00+0800,132507151,35403425,FALSE,Wh,Grid meter
142812,15,2025-02-26T23:15:00+0800,132508179,35403425,FALSE,Wh,Grid meter
142812,15,2025-02-26T23:30:00+0800,132509279,35403425,FALSE,Wh,Grid meter
142812,15,2025-02-26T23:45:00+0800,132510504,35403425,FALSE,Wh,Grid meter
142812,15,2025-02-27T00:00:00+0800,132511403,35403425,FALSE,Wh,Grid meter
142812,15,2025-02-27T00:15:00+0800,132512149,35403425,FALSE,Wh,Grid meter
142812,15,2025-02-27T00:30:00+0800,132512913,35403425,FALSE,Wh,Grid meter
142812,15,2025-02-27T00:45:00+0800,132513624,35403425,FALSE,Wh,Grid meter
142812,15,2025-02-27T01:00:00+0800,132514261,35403425,FALSE,Wh,Grid meter
142812,15,2025-02-27T01:15:00+0800,132514885,35403425,FALSE,Wh,Grid meter
142812,15,2025-02-27T01:30:00+0800,132515517,35403425,FALSE,Wh,Grid meter
142812,15,2025-02-27T01:45:00+0800,132516143,35403425,FALSE,Wh,Grid meter
142812,15,2025-02-27T02:00:00+0800,132516763,35403425,FALSE,Wh,Grid meter
142812,15,2025-02-27T02:15:00+0800,132518272,35403425,FALSE,Wh,Grid meter
142812,15,2025-02-27T02:30:00+0800,132518871,35403425,FALSE,Wh,Grid meter
142812,15,2025-02-27T02:45:00+0800,132519516,35403425,FALSE,Wh,Grid meter
142812,15,2025-02-27T03:00:00+0800,132520098,35403425,FALSE,Wh,Grid meter
142812,15,2025-02-27T03:15:00+0800,132520709,35403425,FALSE,Wh,Grid meter
142812,15,2025-02-27T03:30:00+0800,132521987,35403425,FALSE,Wh,Grid meter
142812,15,2025-02-27T03:45:00+0800,132523175,35403425,FALSE,Wh,Grid meter
142812,15,2025-02-27T04:00:00+0800,132524105,35403425,FALSE,Wh,Grid meter
142812,15,2025-02-27T04:15:00+0800,132525844,35403425,FALSE,Wh,Grid meter
142812,15,2025-02-27T04:30:00+0800,132527513,35403425,FALSE,Wh,Grid meter
142812,15,2025-02-27T04:45:00+0800,132528754,35403425,FALSE,Wh,Grid meter
142812,15,2025-02-27T05:00:00+0800,132530268,35403425,FALSE,Wh,Grid meter
142812,15,2025-02-27T05:15:00+0800,132531786,35403425,FALSE,Wh,Grid meter
142812,15,2025-02-27T05:30:00+0800,132532700,35403425,FALSE,Wh,Grid meter
142812,15,2025-02-27T05:45:00+0800,132534461,35403425,FALSE,Wh,Grid meter
142812,15,2025-02-27T06:00:00+0800,132535456,35403425,FALSE,Wh,Grid meter
142812,15,2025-02-27T06:15:00+0800,132536087,35403425,FALSE,Wh,Grid meter
142812,15,2025-02-27T06:30:00+0800,132536588,35403425,FALSE,Wh,Grid meter
142812,15,2025-02-27T06:45:00+0800,132537022,35403425,FALSE,Wh,Grid meter
142812,15,2025-02-27T07:00:00+0800,132537309,35403425,FALSE,Wh,Grid meter
142812,15,2025-02-27T07:15:00+0800,132537897,35403425,FALSE,Wh,Grid meter
142812,15,2025-02-27T07:30:00+0800,132538039,35403425,FALSE,Wh,Grid meter
142812,15,2025-02-27T07:45:00+0800,132538049,35403449,FALSE,Wh,Grid meter
142812,15,2025-02-27T08:00:00+0800,132538052,35403479,FALSE,Wh,Grid meter
142812,15,2025-02-27T08:15:00+0800,132538061,35403493,FALSE,Wh,Grid meter
142812,15,2025-02-27T08:30:00+0800,132538074,35403516,FALSE,Wh,Grid meter
142812,15,2025-02-27T08:45:00+0800,132538403,35403520,FALSE,Wh,Grid meter
142812,15,2025-02-27T09:00:00+0800,132539155,35403520,FALSE,Wh,Grid meter
142812,15,2025-02-27T09:15:00+0800,132539191,35403590,FALSE,Wh,Grid meter
142812,15,2025-02-27T09:30:00+0800,132539230,35403629,FALSE,Wh,Grid meter
142812,15,2025-02-27T09:45:00+0800,132539263,35403657,FALSE,Wh,Grid meter
142812,15,2025-02-27T10:00:00+0800,132539392,35403753,FALSE,Wh,Grid meter
142812,15,2025-02-27T10:15:00+0800,132539804,35403787,FALSE,Wh,Grid meter
142812,15,2025-02-27T10:30:00+0800,132539822,35403806,FALSE,Wh,Grid meter
142812,15,2025-02-27T10:45:00+0800,132539888,35404174,FALSE,Wh,Grid meter
142812,15,2025-02-27T11:00:00+0800,132540036,35404559,FALSE,Wh,Grid meter
142812,15,2025-02-27T11:15:00+0800,132540108,35404720,FALSE,Wh,Grid meter
142812,15,2025-02-27T11:30:00+0800,132540235,35404776,FALSE,Wh,Grid meter
142812,15,2025-02-27T11:45:00+0800,132540732,35404820,FALSE,Wh,Grid meter
142812,15,2025-02-27T12:00:00+0800,132540762,35404889,FALSE,Wh,Grid meter
142812,15,2025-02-27T12:15:00+0800,132540791,35404924,FALSE,Wh,Grid meter
142812,15,2025-02-27T12:30:00+0800,132541813,35404929,FALSE,Wh,Grid meter
142812,15,2025-02-27T12:45:00+0800,132542544,35404929,FALSE,Wh,Grid meter
142812,15,2025-02-27T13:00:00+0800,132542713,35404940,FALSE,Wh,Grid meter
142812,15,2025-02-27T13:15:00+0800,132542796,35405033,FALSE,Wh,Grid meter
142812,15,2025-02-27T13:30:00+0800,132542806,35405045,FALSE,Wh,Grid meter
142812,15,2025-02-27T13:45:00+0800,132542818,35405060,FALSE,Wh,Grid meter
142812,15,2025-02-27T14:00:00+0800,132543956,35405068,FALSE,Wh,Grid meter
142812,15,2025-02-27T14:15:00+0800,132544344,35405089,FALSE,Wh,Grid meter
142812,15,2025-02-27T14:30:00+0800,132544370,35405183,FALSE,Wh,Grid meter
142812,15,2025-02-27T14:45:00+0800,132544395,35405586,FALSE,Wh,Grid meter
142812,15,2025-02-27T15:00:00+0800,132544418,35405599,FALSE,Wh,Grid meter
142812,15,2025-02-27T15:15:00+0800,132544496,35405629,FALSE,Wh,Grid meter
142812,15,2025-02-27T15:30:00+0800,132544501,35405638,FALSE,Wh,Grid meter
142812,15,2025-02-27T15:45:00+0800,132544607,35405675,FALSE,Wh,Grid meter
142812,15,2025-02-27T16:00:00+0800,132544613,35405685,FALSE,Wh,Grid meter
142812,15,2025-02-27T16:15:00+0800,132544696,35405718,FALSE,Wh,Grid meter
142812,15,2025-02-27T16:30:00+0800,132544724,35405746,FALSE,Wh,Grid meter
142812,15,2025-02-27T16:45:00+0800,132544787,35405773,FALSE,Wh,Grid meter
142812,15,2025-02-27T17:00:00+0800,132544964,35405810,FALSE,Wh,Grid meter
142812,15,2025-02-27T17:15:00+0800,132545301,35405833,FALSE,Wh,Grid meter
142812,15,2025-02-27T17:30:00+0800,132545362,35405898,FALSE,Wh,Grid meter
142812,15,2025-02-27T17:45:00+0800,132545376,35405924,FALSE,Wh,Grid meter
142812,15,2025-02-27T18:00:00+0800,132545404,35405947,FALSE,Wh,Grid meter
142812,15,2025-02-27T18:15:00+0800,132546383,35405949,FALSE,Wh,Grid meter
142812,15,2025-02-27T18:30:00+0800,132548688,35405949,FALSE,Wh,Grid meter
142812,15,2025-02-27T18:45:00+0800,132551446,35405949,FALSE,Wh,Grid meter
142812,15,2025-02-27T19:00:00+0800,132553975,35405949,FALSE,Wh,Grid meter
142812,15,2025-02-27T19:15:00+0800,132556324,35405949,FALSE,Wh,Grid meter
142812,15,2025-02-27T19:30:00+0800,132557812,35405949,FALSE,Wh,Grid meter
142812,15,2025-02-27T19:45:00+0800,132559341,35405949,FALSE,Wh,Grid meter
142812,15,2025-02-27T20:00:00+0800,132560921,35405949,FALSE,Wh,Grid meter
142812,15,2025-02-27T20:15:00+0800,132562955,35405949,FALSE,Wh,Grid meter
142812,15,2025-02-27T20:30:00+0800,132565541,35405949,FALSE,Wh,Grid meter
142812,15,2025-02-27T20:45:00+0800,132568087,35405949,FALSE,Wh,Grid meter
142812,15,2025-02-27T21:00:00+0800,132570764,35405949,FALSE,Wh,Grid meter
142812,15,2025-02-27T21:15:00+0800,132574225,35405949,FALSE,Wh,Grid meter
142812,15,2025-02-27T21:30:00+0800,132577771,35405949,FALSE,Wh,Grid meter
142812,15,2025-02-27T21:45:00+0800,132580091,35405949,FALSE,Wh,Grid meter
142812,15,2025-02-27T22:00:00+0800,132581408,35405949,FALSE,Wh,Grid meter
142812,15,2025-02-27T22:15:00+0800,132582818,35405949,FALSE,Wh,Grid meter
142812,15,2025-02-27T22:30:00+0800,132584540,35405949,FALSE,Wh,Grid meter
142812,15,2025-02-27T22:45:00+0800,132585598,35405949,FALSE,Wh,Grid meter
142812,15,2025-02-27T23:00:00+0800,132586467,35405949,FALSE,Wh,Grid meter
142812,15,2025-02-27T23:15:00+0800,132587650,35405949,FALSE,Wh,Grid meter
142812,15,2025-02-27T23:30:00+0800,132588554,35405949,FALSE,Wh,Grid meter
142812,15,2025-02-27T23:45:00+0800,132590254,35405949,FALSE,Wh,Grid meter
142812,15,2025-02-28T00:00:00+0800,132592075,35405949,FALSE,Wh,Grid meter
142812,15,2025-02-28T00:15:00+0800,132593068,35405949,FALSE,Wh,Grid meter
142812,15,2025-02-28T00:30:00+0800,132593997,35405949,FALSE,Wh,Grid meter
142812,15,2025-02-28T00:45:00+0800,132594706,35405949,FALSE,Wh,Grid meter
142812,15,2025-02-28T01:00:00+0800,132595577,35405949,FALSE,Wh,Grid meter
142812,15,2025-02-28T01:15:00+0800,132596522,35405949,FALSE,Wh,Grid meter
142812,15,2025-02-28T01:30:00+0800,132597190,35405949,FALSE,Wh,Grid meter
142812,15,2025-02-28T01:45:00+0800,132598082,35405949,FALSE,Wh,Grid meter
142812,15,2025-02-28T02:00:00+0800,132598889,35405949,FALSE,Wh,Grid meter
142812,15,2025-02-28T02:15:00+0800,132599472,35405949,FALSE,Wh,Grid meter
142812,15,2025-02-28T02:30:00+0800,132600591,35405949,FALSE,Wh,Grid meter
142812,15,2025-02-28T02:45:00+0800,132601644,35405949,FALSE,Wh,Grid meter
142812,15,2025-02-28T03:00:00+0800,132602560,35405949,FALSE,Wh,Grid meter
142812,15,2025-02-28T03:15:00+0800,132603120,35405949,FALSE,Wh,Grid meter
142812,15,2025-02-28T03:30:00+0800,132603709,35405949,FALSE,Wh,Grid meter
142812,15,2025-02-28T03:45:00+0800,132604489,35405949,FALSE,Wh,Grid meter
142812,15,2025-02-28T04:00:00+0800,132606041,35405949,FALSE,Wh,Grid meter
142812,15,2025-02-28T04:15:00+0800,132606846,35405949,FALSE,Wh,Grid meter
142812,15,2025-02-28T04:30:00+0800,132608219,35405949,FALSE,Wh,Grid meter
142812,15,2025-02-28T04:45:00+0800,132609173,35405949,FALSE,Wh,Grid meter
142812,15,2025-02-28T05:00:00+0800,132610580,35405949,FALSE,Wh,Grid meter
142812,15,2025-02-28T05:15:00+0800,132611462,35405949,FALSE,Wh,Grid meter
142812,15,2025-02-28T05:30:00+0800,132612032,35405949,FALSE,Wh,Grid meter
142812,15,2025-02-28T05:45:00+0800,132612533,35405949,FALSE,Wh,Grid meter
142812,15,2025-02-28T06:00:00+0800,132613084,35405949,FALSE,Wh,Grid meter
142812,15,2025-02-28T06:15:00+0800,132613905,35405949,FALSE,Wh,Grid meter
142812,15,2025-02-28T06:30:00+0800,132614561,35405949,FALSE,Wh,Grid meter
142812,15,2025-02-28T09:30:00+0800,132615093,35405949,FALSE,Wh,Grid meter
142812,15,2025-02-28T09:45:00+0800,132616208,35406018,FALSE,Wh,Grid meter
142812,15,2025-02-28T10:00:00+0800,132616267,35406178,FALSE,Wh,Grid meter
142812,15,2025-02-28T10:15:00+0800,132616301,35406225,FALSE,Wh,Grid meter
142812,15,2025-02-28T10:30:00+0800,132616348,35406381,FALSE,Wh,Grid meter
142812,15,2025-02-28T10:45:00+0800,132616400,35406477,FALSE,Wh,Grid meter
142812,15,2025-02-28T11:00:00+0800,132616405,35406934,FALSE,Wh,Grid meter
142812,15,2025-02-28T11:15:00+0800,132616408,35407746,FALSE,Wh,Grid meter
142812,15,2025-02-28T11:30:00+0800,132616408,35408752,FALSE,Wh,Grid meter
142812,15,2025-02-28T11:45:00+0800,132616413,35409324,FALSE,Wh,Grid meter
142812,15,2025-02-28T12:00:00+0800,132616413,35410350,FALSE,Wh,Grid meter
142812,15,2025-02-28T12:15:00+0800,132616413,35411378,FALSE,Wh,Grid meter
142812,15,2025-02-28T12:30:00+0800,132616413,35412111,FALSE,Wh,Grid meter
142812,15,2025-02-28T12:45:00+0800,132616413,35412956,FALSE,Wh,Grid meter
142812,15,2025-02-28T13:00:00+0800,132616414,35413792,FALSE,Wh,Grid meter
142812,15,2025-02-28T13:15:00+0800,132616414,35414585,FALSE,Wh,Grid meter
142812,15,2025-02-28T13:30:00+0800,132616415,35415250,FALSE,Wh,Grid meter
142812,15,2025-02-28T13:45:00+0800,132616423,35415549,FALSE,Wh,Grid meter
142812,15,2025-02-28T14:00:00+0800,132616448,35415712,FALSE,Wh,Grid meter
142812,15,2025-02-28T14:15:00+0800,132616473,35415768,FALSE,Wh,Grid meter
142812,15,2025-02-28T14:30:00+0800,132616618,35415913,FALSE,Wh,Grid meter
142812,15,2025-02-28T14:45:00+0800,132616713,35415994,FALSE,Wh,Grid meter
142812,15,2025-02-28T15:00:00+0800,132616884,35416025,FALSE,Wh,Grid meter
142812,15,2025-02-28T15:15:00+0800,132617086,35416068,FALSE,Wh,Grid meter
142812,15,2025-02-28T15:30:00+0800,132617110,35416117,FALSE,Wh,Grid meter
142812,15,2025-02-28T15:45:00+0800,132617128,35416138,FALSE,Wh,Grid meter
142812,15,2025-02-28T16:00:00+0800,132617219,35416161,FALSE,Wh,Grid meter
142812,15,2025-02-28T16:15:00+0800,132617624,35416172,FALSE,Wh,Grid meter
142812,15,2025-02-28T16:30:00+0800,132618348,35416173,FALSE,Wh,Grid meter
142812,15,2025-02-28T16:45:00+0800,132618656,35416173,FALSE,Wh,Grid meter
142812,15,2025-02-28T17:00:00+0800,132619019,35416174,FALSE,Wh,Grid meter
142812,15,2025-02-28T17:15:00+0800,132619279,35416174,FALSE,Wh,Grid meter
142812,15,2025-02-28T17:30:00+0800,132620319,35416174,FALSE,Wh,Grid meter
142812,15,2025-02-28T17:45:00+0800,132622344,35416174,FALSE,Wh,Grid meter
142812,15,2025-02-28T18:00:00+0800,132623653,35416174,FALSE,Wh,Grid meter
142812,15,2025-02-28T18:15:00+0800,132624888,35416174,FALSE,Wh,Grid meter
142812,15,2025-02-28T18:30:00+0800,132626112,35416174,FALSE,Wh,Grid meter
142812,15,2025-02-28T18:45:00+0800,132628453,35416174,FALSE,Wh,Grid meter
142812,15,2025-02-28T19:00:00+0800,132630059,35416174,FALSE,Wh,Grid meter
142812,15,2025-02-28T19:15:00+0800,132631777,35416174,FALSE,Wh,Grid meter
142812,15,2025-02-28T19:30:00+0800,132634824,35416174,FALSE,Wh,Grid meter
142812,15,2025-02-28T19:45:00+0800,132637608,35416174,FALSE,Wh,Grid meter
142812,15,2025-02-28T20:00:00+0800,132639597,35416174,FALSE,Wh,Grid meter
142812,15,2025-02-28T20:15:00+0800,132641738,35416174,FALSE,Wh,Grid meter
142812,15,2025-02-28T20:30:00+0800,132643872,35416174,FALSE,Wh,Grid meter
142812,15,2025-02-28T20:45:00+0800,132645773,35416174,FALSE,Wh,Grid meter
142812,15,2025-02-28T21:00:00+0800,132648415,35416174,FALSE,Wh,Grid meter
142812,15,2025-02-28T21:15:00+0800,132650652,35416174,FALSE,Wh,Grid meter
142812,15,2025-02-28T21:30:00+0800,132652903,35416174,FALSE,Wh,Grid meter
142812,15,2025-02-28T21:45:00+0800,132654356,35416174,FALSE,Wh,Grid meter
142812,15,2025-02-28T22:00:00+0800,132655342,35416174,FALSE,Wh,Grid meter
142812,15,2025-02-28T22:15:00+0800,132656330,35416174,FALSE,Wh,Grid meter
142812,15,2025-02-28T22:30:00+0800,132657300,35416174,FALSE,Wh,Grid meter
142812,15,2025-02-28T22:45:00+0800,132658792,35416174,FALSE,Wh,Grid meter
142812,15,2025-02-28T23:00:00+0800,132660517,35416174,FALSE,Wh,Grid meter
142812,15,2025-02-28T23:15:00+0800,132662442,35416174,FALSE,Wh,Grid meter
142812,15,2025-02-28T23:30:00+0800,132663861,35416174,FALSE,Wh,Grid meter
142812,15,2025-02-28T23:45:00+0800,132665876,35416174,FALSE,Wh,Grid meter
142812,15,2025-03-01T00:00:00+0800,132667267,35416174,FALSE,Wh,Grid meter
142812,15,2025-03-01T00:15:00+0800,132668739,35416174,FALSE,Wh,Grid meter
142812,15,2025-03-01T00:30:00+0800,132669443,35416174,FALSE,Wh,Grid meter
142812,15,2025-03-01T00:45:00+0800,132670601,35416174,FALSE,Wh,Grid meter
142812,15,2025-03-01T01:00:00+0800,132671389,35416174,FALSE,Wh,Grid meter
142812,15,2025-03-01T01:15:00+0800,132672088,35416174,FALSE,Wh,Grid meter
142812,15,2025-03-01T01:30:00+0800,132672624,35416174,FALSE,Wh,Grid meter
142812,15,2025-03-01T01:45:00+0800,132673209,35416174,FALSE,Wh,Grid meter
142812,15,2025-03-01T02:00:00+0800,132673771,35416174,FALSE,Wh,Grid meter
142812,15,2025-03-01T02:15:00+0800,132674318,35416174,FALSE,Wh,Grid meter
142812,15,2025-03-01T02:30:00+0800,132674879,35416174,FALSE,Wh,Grid meter
142812,15,2025-03-01T02:45:00+0800,132675429,35416174,FALSE,Wh,Grid meter
142812,15,2025-03-01T03:00:00+0800,132675992,35416174,FALSE,Wh,Grid meter
142812,15,2025-03-01T03:15:00+0800,132676517,35416174,FALSE,Wh,Grid meter
142812,15,2025-03-01T03:30:00+0800,132677023,35416174,FALSE,Wh,Grid meter
142812,15,2025-03-01T03:45:00+0800,132677543,35416174,FALSE,Wh,Grid meter
142812,15,2025-03-01T04:00:00+0800,132678268,35416174,FALSE,Wh,Grid meter
142812,15,2025-03-01T04:15:00+0800,132679174,35416174,FALSE,Wh,Grid meter
142812,15,2025-03-01T04:30:00+0800,132679981,35416174,FALSE,Wh,Grid meter
142812,15,2025-03-01T04:45:00+0800,132680487,35416174,FALSE,Wh,Grid meter
142812,15,2025-03-01T05:00:00+0800,132681028,35416174,FALSE,Wh,Grid meter
142812,15,2025-03-01T05:15:00+0800,132681577,35416174,FALSE,Wh,Grid meter
142812,15,2025-03-01T05:30:00+0800,132682083,35416174,FALSE,Wh,Grid meter
142812,15,2025-03-01T05:45:00+0800,132682636,35416174,FALSE,Wh,Grid meter
142812,15,2025-03-01T06:00:00+0800,132683290,35416174,FALSE,Wh,Grid meter
142812,15,2025-03-01T06:15:00+0800,132684282,35416174,FALSE,Wh,Grid meter
142812,15,2025-03-01T06:30:00+0800,132684775,35416174,FALSE,Wh,Grid meter
142812,15,2025-03-01T06:45:00+0800,132685224,35416174,FALSE,Wh,Grid meter
142812,15,2025-03-01T07:00:00+0800,132685898,35416174,FALSE,Wh,Grid meter
142812,15,2025-03-01T07:15:00+0800,132686825,35416174,FALSE,Wh,Grid meter
142812,15,2025-03-01T07:30:00+0800,132687488,35416183,FALSE,Wh,Grid meter
142812,15,2025-03-01T07:45:00+0800,132688167,35416186,FALSE,Wh,Grid meter
142812,15,2025-03-01T08:00:00+0800,132688839,35416186,FALSE,Wh,Grid meter
142812,15,2025-03-01T08:15:00+0800,132689114,35416217,FALSE,Wh,Grid meter
142812,15,2025-03-01T08:30:00+0800,132689169,35416268,FALSE,Wh,Grid meter
142812,15,2025-03-01T08:45:00+0800,132689196,35416415,FALSE,Wh,Grid meter
142812,15,2025-03-01T09:00:00+0800,132689244,35416472,FALSE,Wh,Grid meter
142812,15,2025-03-01T09:15:00+0800,132689287,35416521,FALSE,Wh,Grid meter
142812,15,2025-03-01T09:30:00+0800,132689388,35416592,FALSE,Wh,Grid meter
142812,15,2025-03-01T09:45:00+0800,132689471,35416786,FALSE,Wh,Grid meter
142812,15,2025-03-01T10:00:00+0800,132689508,35416961,FALSE,Wh,Grid meter
142812,15,2025-03-01T10:15:00+0800,132689526,35417159,FALSE,Wh,Grid meter
142812,15,2025-03-01T10:30:00+0800,132689526,35417815,FALSE,Wh,Grid meter
142812,15,2025-03-01T10:45:00+0800,132689527,35418527,FALSE,Wh,Grid meter
142812,15,2025-03-01T11:00:00+0800,132689535,35419107,FALSE,Wh,Grid meter
142812,15,2025-03-01T11:15:00+0800,132689537,35419938,FALSE,Wh,Grid meter
142812,15,2025-03-01T11:30:00+0800,132689562,35420064,FALSE,Wh,Grid meter
142812,15,2025-03-01T11:45:00+0800,132689593,35420513,FALSE,Wh,Grid meter
142812,15,2025-03-01T12:00:00+0800,132689816,35420614,FALSE,Wh,Grid meter
142812,15,2025-03-01T12:15:00+0800,132689935,35420693,FALSE,Wh,Grid meter
142812,15,2025-03-01T12:30:00+0800,132690013,35420892,FALSE,Wh,Grid meter
142812,15,2025-03-01T12:45:00+0800,132690427,35421113,FALSE,Wh,Grid meter
142812,15,2025-03-01T13:00:00+0800,132690560,35421156,FALSE,Wh,Grid meter
142812,15,2025-03-01T13:15:00+0800,132690572,35421512,FALSE,Wh,Grid meter
142812,15,2025-03-01T13:30:00+0800,132690609,35421819,FALSE,Wh,Grid meter
142812,15,2025-03-01T13:45:00+0800,132691023,35421882,FALSE,Wh,Grid meter
142812,15,2025-03-01T14:00:00+0800,132691073,35421986,FALSE,Wh,Grid meter
142812,15,2025-03-01T14:15:00+0800,132691090,35422016,FALSE,Wh,Grid meter
142812,15,2025-03-01T14:30:00+0800,132691210,35422078,FALSE,Wh,Grid meter
142812,15,2025-03-01T14:45:00+0800,132692091,35422089,FALSE,Wh,Grid meter
142812,15,2025-03-01T15:00:00+0800,132692710,35422091,FALSE,Wh,Grid meter
142812,15,2025-03-01T15:15:00+0800,132692825,35422144,FALSE,Wh,Grid meter
142812,15,2025-03-01T15:30:00+0800,132692960,35422223,FALSE,Wh,Grid meter
142812,15,2025-03-01T15:45:00+0800,132693447,35422270,FALSE,Wh,Grid meter
142812,15,2025-03-01T16:00:00+0800,132693933,35422285,FALSE,Wh,Grid meter
142812,15,2025-03-01T16:15:00+0800,132694766,35422292,FALSE,Wh,Grid meter
142812,15,2025-03-01T16:30:00+0800,132696344,35422292,FALSE,Wh,Grid meter
142812,15,2025-03-01T16:45:00+0800,132697322,35422294,FALSE,Wh,Grid meter
142812,15,2025-03-01T17:00:00+0800,132697936,35422294,FALSE,Wh,Grid meter
142812,15,2025-03-01T17:15:00+0800,132699330,35422294,FALSE,Wh,Grid meter
142812,15,2025-03-01T17:30:00+0800,132701697,35422294,FALSE,Wh,Grid meter
142812,15,2025-03-01T17:45:00+0800,132705065,35422294,FALSE,Wh,Grid meter
142812,15,2025-03-01T18:00:00+0800,132708037,35422294,FALSE,Wh,Grid meter
142812,15,2025-03-01T18:15:00+0800,132710457,35422294,FALSE,Wh,Grid meter
142812,15,2025-03-01T18:30:00+0800,132712768,35422294,FALSE,Wh,Grid meter
142812,15,2025-03-01T18:45:00+0800,132714159,35422294,FALSE,Wh,Grid meter
142812,15,2025-03-01T19:00:00+0800,132716637,35422294,FALSE,Wh,Grid meter
142812,15,2025-03-01T19:15:00+0800,132718559,35422294,FALSE,Wh,Grid meter
142812,15,2025-03-01T19:30:00+0800,132720741,35422294,FALSE,Wh,Grid meter
142812,15,2025-03-01T19:45:00+0800,132722895,35422294,FALSE,Wh,Grid meter
142812,15,2025-03-01T20:00:00+0800,132725161,35422294,FALSE,Wh,Grid meter
142812,15,2025-03-01T20:15:00+0800,132726812,35422294,FALSE,Wh,Grid meter
142812,15,2025-03-01T20:30:00+0800,132728208,35422294,FALSE,Wh,Grid meter
142812,15,2025-03-01T20:45:00+0800,132729568,35422294,FALSE,Wh,Grid meter
142812,15,2025-03-01T21:00:00+0800,132731012,35422294,FALSE,Wh,Grid meter
142812,15,2025-03-01T21:15:00+0800,132732302,35422294,FALSE,Wh,Grid meter
142812,15,2025-03-01T21:30:00+0800,132735138,35422294,FALSE,Wh,Grid meter
142812,15,2025-03-01T21:45:00+0800,132737363,35422294,FALSE,Wh,Grid meter
142812,15,2025-03-01T22:00:00+0800,132739308,35422294,FALSE,Wh,Grid meter
142812,15,2025-03-01T22:15:00+0800,132742205,35422294,FALSE,Wh,Grid meter
142812,15,2025-03-01T22:30:00+0800,132745116,35422294,FALSE,Wh,Grid meter
142812,15,2025-03-01T22:45:00+0800,132746464,35422294,FALSE,Wh,Grid meter
142812,15,2025-03-01T23:00:00+0800,132747702,35422294,FALSE,Wh,Grid meter
142812,15,2025-03-01T23:15:00+0800,132748996,35422294,FALSE,Wh,Grid meter
142812,15,2025-03-01T23:30:00+0800,132750372,35422294,FALSE,Wh,Grid meter
142812,15,2025-03-01T23:45:00+0800,132752398,35422294,FALSE,Wh,Grid meter
142812,15,2025-03-02T00:00:00+0800,132753915,35422294,FALSE,Wh,Grid meter
142812,15,2025-03-02T00:15:00+0800,132755156,35422294,FALSE,Wh,Grid meter
142812,15,2025-03-02T00:30:00+0800,132756607,35422294,FALSE,Wh,Grid meter
142812,15,2025-03-02T00:45:00+0800,132758102,35422294,FALSE,Wh,Grid meter
142812,15,2025-03-02T01:00:00+0800,132759305,35422294,FALSE,Wh,Grid meter
142812,15,2025-03-02T01:15:00+0800,132760039,35422294,FALSE,Wh,Grid meter
142812,15,2025-03-02T01:30:00+0800,132760760,35422294,FALSE,Wh,Grid meter
142812,15,2025-03-02T01:45:00+0800,132761802,35422294,FALSE,Wh,Grid meter
142812,15,2025-03-02T02:00:00+0800,132762603,35422294,FALSE,Wh,Grid meter
142812,15,2025-03-02T02:15:00+0800,132763372,35422294,FALSE,Wh,Grid meter
142812,15,2025-03-02T02:30:00+0800,132763922,35422294,FALSE,Wh,Grid meter
142812,15,2025-03-02T02:45:00+0800,132764560,35422294,FALSE,Wh,Grid meter
142812,15,2025-03-02T03:00:00+0800,132765510,35422294,FALSE,Wh,Grid meter
142812,15,2025-03-02T03:15:00+0800,132766104,35422294,FALSE,Wh,Grid meter
142812,15,2025-03-02T03:30:00+0800,132766663,35422294,FALSE,Wh,Grid meter
142812,15,2025-03-02T03:45:00+0800,132767226,35422294,FALSE,Wh,Grid meter
142812,15,2025-03-02T04:00:00+0800,132767804,35422294,FALSE,Wh,Grid meter
142812,15,2025-03-02T04:15:00+0800,132768362,35422294,FALSE,Wh,Grid meter
142812,15,2025-03-02T04:30:00+0800,132768959,35422294,FALSE,Wh,Grid meter
142812,15,2025-03-02T04:45:00+0800,132769450,35422294,FALSE,Wh,Grid meter
142812,15,2025-03-02T05:00:00+0800,132769980,35422294,FALSE,Wh,Grid meter
142812,15,2025-03-02T05:15:00+0800,132770510,35422294,FALSE,Wh,Grid meter
142812,15,2025-03-02T05:30:00+0800,132771093,35422294,FALSE,Wh,Grid meter
142812,15,2025-03-02T05:45:00+0800,132771668,35422294,FALSE,Wh,Grid meter
142812,15,2025-03-02T06:00:00+0800,132772245,35422294,FALSE,Wh,Grid meter
142812,15,2025-03-02T06:15:00+0800,132773176,35422294,FALSE,Wh,Grid meter
142812,15,2025-03-02T06:30:00+0800,132773717,35422294,FALSE,Wh,Grid meter
142812,15,2025-03-02T06:45:00+0800,132774516,35422294,FALSE,Wh,Grid meter
142812,15,2025-03-02T07:00:00+0800,132774722,35422294,FALSE,Wh,Grid meter
142812,15,2025-03-02T07:15:00+0800,132775137,35422294,FALSE,Wh,Grid meter
142812,15,2025-03-02T07:30:00+0800,132775158,35422307,FALSE,Wh,Grid meter
142812,15,2025-03-02T07:45:00+0800,132775198,35422327,FALSE,Wh,Grid meter
142812,15,2025-03-02T08:00:00+0800,132775203,35422340,FALSE,Wh,Grid meter
142812,15,2025-03-02T08:15:00+0800,132775215,35422354,FALSE,Wh,Grid meter
142812,15,2025-03-02T08:30:00+0800,132775230,35422442,FALSE,Wh,Grid meter
142812,15,2025-03-02T08:45:00+0800,132775308,35422461,FALSE,Wh,Grid meter
142812,15,2025-03-02T09:00:00+0800,132775328,35422504,FALSE,Wh,Grid meter
142812,15,2025-03-02T09:15:00+0800,132775348,35422715,FALSE,Wh,Grid meter
142812,15,2025-03-02T09:30:00+0800,132775407,35422792,FALSE,Wh,Grid meter
142812,15,2025-03-02T09:45:00+0800,132775472,35422878,FALSE,Wh,Grid meter
142812,15,2025-03-02T10:00:00+0800,132775475,35423177,FALSE,Wh,Grid meter
142812,15,2025-03-02T10:15:00+0800,132775480,35423718,FALSE,Wh,Grid meter
142812,15,2025-03-02T10:30:00+0800,132775518,35424098,FALSE,Wh,Grid meter
142812,15,2025-03-02T10:45:00+0800,132775518,35424657,FALSE,Wh,Grid meter
142812,15,2025-03-02T11:00:00+0800,132775535,35425024,FALSE,Wh,Grid meter
142812,15,2025-03-02T11:15:00+0800,132775543,35425819,FALSE,Wh,Grid meter
142812,15,2025-03-02T11:30:00+0800,132775582,35425974,FALSE,Wh,Grid meter
142812,15,2025-03-02T11:45:00+0800,132775585,35426701,FALSE,Wh,Grid meter
142812,15,2025-03-02T12:00:00+0800,132775588,35427372,FALSE,Wh,Grid meter
142812,15,2025-03-02T12:15:00+0800,132775644,35427628,FALSE,Wh,Grid meter
142812,15,2025-03-02T12:30:00+0800,132775644,35428394,FALSE,Wh,Grid meter
142812,15,2025-03-02T12:45:00+0800,132775644,35429314,FALSE,Wh,Grid meter
142812,15,2025-03-02T13:00:00+0800,132775785,35429429,FALSE,Wh,Grid meter
142812,15,2025-03-02T13:15:00+0800,132775841,35429616,FALSE,Wh,Grid meter
142812,15,2025-03-02T13:30:00+0800,132775896,35429698,FALSE,Wh,Grid meter
142812,15,2025-03-02T13:45:00+0800,132776373,35429748,FALSE,Wh,Grid meter
142812,15,2025-03-02T14:00:00+0800,132778001,35429748,FALSE,Wh,Grid meter
142812,15,2025-03-02T14:15:00+0800,132779980,35429748,FALSE,Wh,Grid meter
142812,15,2025-03-02T14:30:00+0800,132780903,35429748,FALSE,Wh,Grid meter
142812,15,2025-03-02T14:45:00+0800,132781210,35429761,FALSE,Wh,Grid meter
142812,15,2025-03-02T15:00:00+0800,132781792,35429772,FALSE,Wh,Grid meter
142812,15,2025-03-02T15:15:00+0800,132783542,35429772,FALSE,Wh,Grid meter
142812,15,2025-03-02T15:30:00+0800,132784841,35429772,FALSE,Wh,Grid meter
142812,15,2025-03-02T15:45:00+0800,132786563,35429772,FALSE,Wh,Grid meter
142812,15,2025-03-02T16:00:00+0800,132788292,35429772,FALSE,Wh,Grid meter
142812,15,2025-03-02T16:15:00+0800,132790502,35429772,FALSE,Wh,Grid meter
142812,15,2025-03-02T16:30:00+0800,132792877,35429772,FALSE,Wh,Grid meter
142812,15,2025-03-02T16:45:00+0800,132794983,35429772,FALSE,Wh,Grid meter
142812,15,2025-03-02T17:00:00+0800,132796900,35429772,FALSE,Wh,Grid meter
142812,15,2025-03-02T17:15:00+0800,132799268,35429772,FALSE,Wh,Grid meter
142812,15,2025-03-02T17:30:00+0800,132801668,35429772,FALSE,Wh,Grid meter
142812,15,2025-03-02T17:45:00+0800,132804249,35429772,FALSE,Wh,Grid meter
142812,15,2025-03-02T18:00:00+0800,132806790,35429772,FALSE,Wh,Grid meter
142812,15,2025-03-02T18:15:00+0800,132809268,35429772,FALSE,Wh,Grid meter
142812,15,2025-03-02T18:30:00+0800,132811901,35429772,FALSE,Wh,Grid meter
142812,15,2025-03-02T18:45:00+0800,132815389,35429772,FALSE,Wh,Grid meter
142812,15,2025-03-02T19:00:00+0800,132817902,35429772,FALSE,Wh,Grid meter
142812,15,2025-03-02T19:15:00+0800,132820176,35429772,FALSE,Wh,Grid meter
142812,15,2025-03-02T19:30:00+0800,132822455,35429772,FALSE,Wh,Grid meter
142812,15,2025-03-02T19:45:00+0800,132825225,35429772,FALSE,Wh,Grid meter
142812,15,2025-03-02T20:00:00+0800,132828102,35429772,FALSE,Wh,Grid meter
142812,15,2025-03-02T20:15:00+0800,132831440,35429772,FALSE,Wh,Grid meter
142812,15,2025-03-02T20:30:00+0800,132834831,35429772,FALSE,Wh,Grid meter
142812,15,2025-03-02T20:45:00+0800,132838347,35429772,FALSE,Wh,Grid meter
142812,15,2025-03-02T21:00:00+0800,132840676,35429772,FALSE,Wh,Grid meter
142812,15,2025-03-02T21:15:00+0800,132842841,35429772,FALSE,Wh,Grid meter
142812,15,2025-03-02T21:30:00+0800,132845039,35429772,FALSE,Wh,Grid meter
142812,15,2025-03-02T21:45:00+0800,132847576,35429772,FALSE,Wh,Grid meter
142812,15,2025-03-02T22:00:00+0800,132849329,35429772,FALSE,Wh,Grid meter
142812,15,2025-03-02T22:15:00+0800,132852128,35429772,FALSE,Wh,Grid meter
142812,15,2025-03-02T22:30:00+0800,132853998,35429772,FALSE,Wh,Grid meter
142812,15,2025-03-02T22:45:00+0800,132855889,35429772,FALSE,Wh,Grid meter
142812,15,2025-03-02T23:00:00+0800,132857285,35429772,FALSE,Wh,Grid meter
142812,15,2025-03-02T23:15:00+0800,132859301,35429772,FALSE,Wh,Grid meter
142812,15,2025-03-02T23:30:00+0800,132861403,35429772,FALSE,Wh,Grid meter
142812,15,2025-03-02T23:45:00+0800,132863044,35429772,FALSE,Wh,Grid meter
142812,15,2025-03-03T00:00:00+0800,132864032,35429772,FALSE,Wh,Grid meter
142812,15,2025-03-03T00:15:00+0800,132864993,35429772,FALSE,Wh,Grid meter
142812,15,2025-03-03T00:30:00+0800,132865696,35429772,FALSE,Wh,Grid meter
142812,15,2025-03-03T00:45:00+0800,132866806,35429772,FALSE,Wh,Grid meter
142812,15,2025-03-03T01:00:00+0800,132867928,35429772,FALSE,Wh,Grid meter
142812,15,2025-03-03T01:15:00+0800,132868498,35429772,FALSE,Wh,Grid meter
142812,15,2025-03-03T01:30:00+0800,132869208,35429772,FALSE,Wh,Grid meter
142812,15,2025-03-03T01:45:00+0800,132870004,35429772,FALSE,Wh,Grid meter
142812,15,2025-03-03T02:00:00+0800,132870530,35429772,FALSE,Wh,Grid meter
142812,15,2025-03-03T02:15:00+0800,132871090,35429772,FALSE,Wh,Grid meter
142812,15,2025-03-03T02:30:00+0800,132871661,35429772,FALSE,Wh,Grid meter
142812,15,2025-03-03T02:45:00+0800,132872182,35429772,FALSE,Wh,Grid meter
142812,15,2025-03-03T03:00:00+0800,132872644,35429772,FALSE,Wh,Grid meter
142812,15,2025-03-03T03:15:00+0800,132873423,35429772,FALSE,Wh,Grid meter
142812,15,2025-03-03T03:30:00+0800,132874174,35429772,FALSE,Wh,Grid meter
142812,15,2025-03-03T03:45:00+0800,132874686,35429772,FALSE,Wh,Grid meter
142812,15,2025-03-03T04:00:00+0800,132875645,35429772,FALSE,Wh,Grid meter
142812,15,2025-03-03T04:15:00+0800,132877524,35429772,FALSE,Wh,Grid meter
142812,15,2025-03-03T04:30:00+0800,132878433,35429772,FALSE,Wh,Grid meter
142812,15,2025-03-03T04:45:00+0800,132879329,35429772,FALSE,Wh,Grid meter
142812,15,2025-03-03T05:00:00+0800,132879864,35429772,FALSE,Wh,Grid meter
142812,15,2025-03-03T05:15:00+0800,132880407,35429772,FALSE,Wh,Grid meter
142812,15,2025-03-03T05:30:00+0800,132880894,35429772,FALSE,Wh,Grid meter
142812,15,2025-03-03T05:45:00+0800,132881350,35429772,FALSE,Wh,Grid meter
142812,15,2025-03-03T06:00:00+0800,132881823,35429772,FALSE,Wh,Grid meter
142812,15,2025-03-03T06:15:00+0800,132882381,35429772,FALSE,Wh,Grid meter
142812,15,2025-03-03T06:30:00+0800,132882903,35429772,FALSE,Wh,Grid meter
142812,15,2025-03-03T06:45:00+0800,132883298,35429772,FALSE,Wh,Grid meter
142812,15,2025-03-03T07:00:00+0800,132883639,35429772,FALSE,Wh,Grid meter
142812,15,2025-03-03T07:15:00+0800,132883915,35429772,FALSE,Wh,Grid meter
142812,15,2025-03-03T07:30:00+0800,132884097,35429787,FALSE,Wh,Grid meter
142812,15,2025-03-03T07:45:00+0800,132884359,35429815,FALSE,Wh,Grid meter
142812,15,2025-03-03T08:00:00+0800,132885007,35429829,FALSE,Wh,Grid meter
142812,15,2025-03-03T08:15:00+0800,132885633,35429926,FALSE,Wh,Grid meter
142812,15,2025-03-03T08:30:00+0800,132885743,35430256,FALSE,Wh,Grid meter
142812,15,2025-03-03T08:45:00+0800,132885902,35430645,FALSE,Wh,Grid meter
142812,15,2025-03-03T09:00:00+0800,132885911,35431815,FALSE,Wh,Grid meter
142812,15,2025-03-03T09:15:00+0800,132885911,35433326,FALSE,Wh,Grid meter
142812,15,2025-03-03T09:30:00+0800,132885911,35434918,FALSE,Wh,Grid meter
142812,15,2025-03-03T09:45:00+0800,132885917,35436622,FALSE,Wh,Grid meter
142812,15,2025-03-03T10:00:00+0800,132885917,35438774,FALSE,Wh,Grid meter
142812,15,2025-03-03T10:15:00+0800,132885917,35440656,FALSE,Wh,Grid meter
142812,15,2025-03-03T10:30:00+0800,132885917,35442643,FALSE,Wh,Grid meter
142812,15,2025-03-03T10:45:00+0800,132885917,35444447,FALSE,Wh,Grid meter
142812,15,2025-03-03T11:00:00+0800,132885917,35446572,FALSE,Wh,Grid meter
142812,15,2025-03-03T11:15:00+0800,132885917,35448276,FALSE,Wh,Grid meter
142812,15,2025-03-03T11:30:00+0800,132885917,35450841,FALSE,Wh,Grid meter
142812,15,2025-03-03T11:45:00+0800,132885917,35453526,FALSE,Wh,Grid meter
142812,15,2025-03-03T12:00:00+0800,132885917,35455320,FALSE,Wh,Grid meter
142812,15,2025-03-03T12:15:00+0800,132885917,35457377,FALSE,Wh,Grid meter
142812,15,2025-03-03T12:30:00+0800,132885917,35459950,FALSE,Wh,Grid meter
142812,15,2025-03-03T12:45:00+0800,132885917,35461742,FALSE,Wh,Grid meter
142812,15,2025-03-03T13:00:00+0800,132885917,35464067,FALSE,Wh,Grid meter
142812,15,2025-03-03T13:15:00+0800,132885917,35466273,FALSE,Wh,Grid meter
142812,15,2025-03-03T13:30:00+0800,132885917,35468166,FALSE,Wh,Grid meter
142812,15,2025-03-03T13:45:00+0800,132885917,35470466,FALSE,Wh,Grid meter
142812,15,2025-03-03T14:00:00+0800,132885917,35472874,FALSE,Wh,Grid meter
142812,15,2025-03-03T14:15:00+0800,132885917,35475279,FALSE,Wh,Grid meter
142812,15,2025-03-03T14:30:00+0800,132885917,35477296,FALSE,Wh,Grid meter
142812,15,2025-03-03T14:45:00+0800,132885929,35478616,FALSE,Wh,Grid meter
142812,15,2025-03-03T15:00:00+0800,132885941,35480236,FALSE,Wh,Grid meter
142812,15,2025-03-03T15:15:00+0800,132885941,35481749,FALSE,Wh,Grid meter
142812,15,2025-03-03T15:30:00+0800,132885949,35483050,FALSE,Wh,Grid meter
142812,15,2025-03-03T15:45:00+0800,132885971,35484104,FALSE,Wh,Grid meter
142812,15,2025-03-03T16:00:00+0800,132885971,35485496,FALSE,Wh,Grid meter
142812,15,2025-03-03T16:15:00+0800,132885971,35486485,FALSE,Wh,Grid meter
142812,15,2025-03-03T16:30:00+0800,132886000,35487114,FALSE,Wh,Grid meter
142812,15,2025-03-03T16:45:00+0800,132886718,35487185,FALSE,Wh,Grid meter
142812,15,2025-03-03T17:00:00+0800,132887062,35487378,FALSE,Wh,Grid meter
142812,15,2025-03-03T17:15:00+0800,132888501,35487378,FALSE,Wh,Grid meter
142812,15,2025-03-03T17:30:00+0800,132889503,35487378,FALSE,Wh,Grid meter
142812,15,2025-03-03T17:45:00+0800,132890615,35487378,FALSE,Wh,Grid meter
142812,15,2025-03-03T18:00:00+0800,132891539,35487378,FALSE,Wh,Grid meter
142812,15,2025-03-03T18:15:00+0800,132893092,35487378,FALSE,Wh,Grid meter
142812,15,2025-03-03T18:30:00+0800,132894758,35487378,FALSE,Wh,Grid meter
142812,15,2025-03-03T18:45:00+0800,132896328,35487378,FALSE,Wh,Grid meter
142812,15,2025-03-03T19:00:00+0800,132898807,35487378,FALSE,Wh,Grid meter
142812,15,2025-03-03T19:15:00+0800,132900269,35487378,FALSE,Wh,Grid meter
142812,15,2025-03-03T19:30:00+0800,132902175,35487378,FALSE,Wh,Grid meter
142812,15,2025-03-03T19:45:00+0800,132903668,35487378,FALSE,Wh,Grid meter
142812,15,2025-03-03T20:00:00+0800,132905768,35487378,FALSE,Wh,Grid meter
142812,15,2025-03-03T20:15:00+0800,132908112,35487378,FALSE,Wh,Grid meter
142812,15,2025-03-03T20:30:00+0800,132909451,35487378,FALSE,Wh,Grid meter
142812,15,2025-03-03T20:45:00+0800,132910693,35487378,FALSE,Wh,Grid meter
142812,15,2025-03-03T21:00:00+0800,132912279,35487378,FALSE,Wh,Grid meter
142812,15,2025-03-03T21:15:00+0800,132913547,35487378,FALSE,Wh,Grid meter
142812,15,2025-03-03T21:30:00+0800,132914662,35487378,FALSE,Wh,Grid meter
142812,15,2025-03-03T21:45:00+0800,132915892,35487378,FALSE,Wh,Grid meter
142812,15,2025-03-03T22:00:00+0800,132917946,35487378,FALSE,Wh,Grid meter
142812,15,2025-03-03T22:15:00+0800,132919088,35487378,FALSE,Wh,Grid meter
142812,15,2025-03-03T22:30:00+0800,132920600,35487378,FALSE,Wh,Grid meter
142812,15,2025-03-03T22:45:00+0800,132922212,35487378,FALSE,Wh,Grid meter
142812,15,2025-03-03T23:00:00+0800,132923158,35487378,FALSE,Wh,Grid meter
142812,15,2025-03-03T23:15:00+0800,132924140,35487378,FALSE,Wh,Grid meter
142812,15,2025-03-03T23:30:00+0800,132925110,35487378,FALSE,Wh,Grid meter
142812,15,2025-03-03T23:45:00+0800,132926021,35487378,FALSE,Wh,Grid meter
142812,15,2025-03-04T00:00:00+0800,132926945,35487378,FALSE,Wh,Grid meter
142812,15,2025-03-04T00:15:00+0800,132927839,35487378,FALSE,Wh,Grid meter
142812,15,2025-03-04T00:30:00+0800,132928585,35487378,FALSE,Wh,Grid meter
142812,15,2025-03-04T00:45:00+0800,132929935,35487378,FALSE,Wh,Grid meter
142812,15,2025-03-04T01:00:00+0800,132931110,35487378,FALSE,Wh,Grid meter
142812,15,2025-03-04T01:15:00+0800,132931669,35487378,FALSE,Wh,Grid meter
142812,15,2025-03-04T01:30:00+0800,132932226,35487378,FALSE,Wh,Grid meter
142812,15,2025-03-04T01:45:00+0800,132932788,35487378,FALSE,Wh,Grid meter
142812,15,2025-03-04T02:00:00+0800,132933734,35487378,FALSE,Wh,Grid meter
142812,15,2025-03-04T02:15:00+0800,132934267,35487378,FALSE,Wh,Grid meter
142812,15,2025-03-04T02:30:00+0800,132934835,35487378,FALSE,Wh,Grid meter
142812,15,2025-03-04T02:45:00+0800,132935350,35487378,FALSE,Wh,Grid meter
142812,15,2025-03-04T03:00:00+0800,132936412,35487378,FALSE,Wh,Grid meter
142812,15,2025-03-04T03:15:00+0800,132936941,35487378,FALSE,Wh,Grid meter
142812,15,2025-03-04T03:30:00+0800,132937459,35487378,FALSE,Wh,Grid meter
142812,15,2025-03-04T03:45:00+0800,132937953,35487378,FALSE,Wh,Grid meter
142812,15,2025-03-04T04:00:00+0800,132938559,35487378,FALSE,Wh,Grid meter
142812,15,2025-03-04T04:15:00+0800,132939550,35487378,FALSE,Wh,Grid meter
142812,15,2025-03-04T04:30:00+0800,132940064,35487378,FALSE,Wh,Grid meter
142812,15,2025-03-04T04:45:00+0800,132940550,35487378,FALSE,Wh,Grid meter
142812,15,2025-03-04T05:00:00+0800,132941000,35487378,FALSE,Wh,Grid meter
142812,15,2025-03-04T05:15:00+0800,132941457,35487378,FALSE,Wh,Grid meter
142812,15,2025-03-04T05:30:00+0800,132941964,35487378,FALSE,Wh,Grid meter
142812,15,2025-03-04T05:45:00+0800,132942442,35487378,FALSE,Wh,Grid meter
142812,15,2025-03-04T06:00:00+0800,132942935,35487378,FALSE,Wh,Grid meter
142812,15,2025-03-04T06:15:00+0800,132943744,35487378,FALSE,Wh,Grid meter
142812,15,2025-03-04T06:30:00+0800,132944688,35487378,FALSE,Wh,Grid meter
142812,15,2025-03-04T06:45:00+0800,132946146,35487378,FALSE,Wh,Grid meter
142812,15,2025-03-04T07:00:00+0800,132947099,35487378,FALSE,Wh,Grid meter
142812,15,2025-03-04T07:15:00+0800,132947155,35487384,FALSE,Wh,Grid meter
142812,15,2025-03-04T07:30:00+0800,132947565,35487450,FALSE,Wh,Grid meter
142812,15,2025-03-04T07:45:00+0800,132947650,35487689,FALSE,Wh,Grid meter
142812,15,2025-03-04T08:00:00+0800,132947793,35488066,FALSE,Wh,Grid meter
142812,15,2025-03-04T08:15:00+0800,132947793,35488780,FALSE,Wh,Grid meter
142812,15,2025-03-04T08:30:00+0800,132947797,35489377,FALSE,Wh,Grid meter
142812,15,2025-03-04T08:45:00+0800,132948224,35489379,FALSE,Wh,Grid meter
142812,15,2025-03-04T09:00:00+0800,132948854,35489560,FALSE,Wh,Grid meter
142812,15,2025-03-04T09:15:00+0800,132949162,35489885,FALSE,Wh,Grid meter
142812,15,2025-03-04T09:30:00+0800,132949317,35490071,FALSE,Wh,Grid meter
142812,15,2025-03-04T09:45:00+0800,132949317,35490557,FALSE,Wh,Grid meter
142812,15,2025-03-04T10:00:00+0800,132949471,35490676,FALSE,Wh,Grid meter
142812,15,2025-03-04T10:15:00+0800,132950014,35490692,FALSE,Wh,Grid meter
142812,15,2025-03-04T10:30:00+0800,132950169,35490887,FALSE,Wh,Grid meter
142812,15,2025-03-04T10:45:00+0800,132950248,35491272,FALSE,Wh,Grid meter
142812,15,2025-03-04T11:00:00+0800,132951125,35491272,FALSE,Wh,Grid meter
142812,15,2025-03-04T11:15:00+0800,132951274,35491439,FALSE,Wh,Grid meter
142812,15,2025-03-04T11:30:00+0800,132951291,35491804,FALSE,Wh,Grid meter
142812,15,2025-03-04T11:45:00+0800,132951325,35491990,FALSE,Wh,Grid meter
142812,15,2025-03-04T12:00:00+0800,132951325,35493547,FALSE,Wh,Grid meter
142812,15,2025-03-04T12:15:00+0800,132951325,35495050,FALSE,Wh,Grid meter
142812,15,2025-03-04T12:30:00+0800,132951457,35496099,FALSE,Wh,Grid meter
142812,15,2025-03-04T12:45:00+0800,132951487,35497148,FALSE,Wh,Grid meter
142812,15,2025-03-04T13:00:00+0800,132951751,35497307,FALSE,Wh,Grid meter
142812,15,2025-03-04T13:15:00+0800,132951839,35498390,FALSE,Wh,Grid meter
142812,15,2025-03-04T13:30:00+0800,132951935,35499402,FALSE,Wh,Grid meter
142812,15,2025-03-04T13:45:00+0800,132952103,35499591,FALSE,Wh,Grid meter
142812,15,2025-03-04T14:00:00+0800,132952218,35500850,FALSE,Wh,Grid meter
142812,15,2025-03-04T14:15:00+0800,132952383,35501588,FALSE,Wh,Grid meter
142812,15,2025-03-04T14:30:00+0800,132952454,35501677,FALSE,Wh,Grid meter
142812,15,2025-03-04T14:45:00+0800,132952550,35501945,FALSE,Wh,Grid meter
142812,15,2025-03-04T15:00:00+0800,132952620,35502045,FALSE,Wh,Grid meter
142812,15,2025-03-04T15:15:00+0800,132952759,35502200,FALSE,Wh,Grid meter
142812,15,2025-03-04T15:30:00+0800,132953296,35502252,FALSE,Wh,Grid meter
142812,15,2025-03-04T15:45:00+0800,132953329,35502327,FALSE,Wh,Grid meter
142812,15,2025-03-04T16:00:00+0800,132953382,35502376,FALSE,Wh,Grid meter
142812,15,2025-03-04T16:15:00+0800,132953449,35502424,FALSE,Wh,Grid meter
142812,15,2025-03-04T16:30:00+0800,132953480,35502467,FALSE,Wh,Grid meter
142812,15,2025-03-04T16:45:00+0800,132953629,35502487,FALSE,Wh,Grid meter
142812,15,2025-03-04T17:00:00+0800,132953978,35502489,FALSE,Wh,Grid meter
142812,15,2025-03-04T17:15:00+0800,132954565,35502502,FALSE,Wh,Grid meter
142812,15,2025-03-04T17:30:00+0800,132954848,35502510,FALSE,Wh,Grid meter
142812,15,2025-03-04T17:45:00+0800,132955820,35502510,FALSE,Wh,Grid meter
142812,15,2025-03-04T18:00:00+0800,132956990,35502510,FALSE,Wh,Grid meter
142812,15,2025-03-04T18:15:00+0800,132958220,35502510,FALSE,Wh,Grid meter
142812,15,2025-03-04T18:30:00+0800,132958961,35502510,FALSE,Wh,Grid meter
142812,15,2025-03-04T18:45:00+0800,132959514,35502510,FALSE,Wh,Grid meter
142812,15,2025-03-04T19:00:00+0800,132960989,35502510,FALSE,Wh,Grid meter
142812,15,2025-03-04T19:15:00+0800,132962849,35502510,FALSE,Wh,Grid meter
142812,15,2025-03-04T19:30:00+0800,132965053,35502510,FALSE,Wh,Grid meter
142812,15,2025-03-04T19:45:00+0800,132967129,35502510,FALSE,Wh,Grid meter
