Name,Supplier,Fuel,Account,Bill Date,Due Date,Consumer,NMI,Site Address,From Date,To Date,Charge Group,Charge Description,Unit Of Measure,Charge Rate,DLF,TLF,Uplifted Rate,Quantity,Net Charge ($),GST ($),Total Charge ($),Information Only
St John of God Health Care - Geraldton,ALINTA ENERGY,,80018017,2/4/2025,2/5/2025,,,,,,Elect Adj Credit - Retail,Adjustment STC Binding CY25 STP 13.89% - Jan 25 & Feb 25,,,,,,,-910.46,0,-910.46,N
St John of God Health Care - Geraldton,ALINTA ENERGY,,80018017,2/4/2025,2/5/2025,,,,,,Elect Adj Credit - Retail,Adjustment LGC Binding CY25 RPP 17.91% - Jan 25 & Feb 25,,,,,,,-112.36,0,-112.36,N
St John of God Health Care - Geraldton,ALINTA ENERGY,,80018017,2/4/2025,2/5/2025,,,,,,Cash Payment,Payment received 532835 14/03/2025,,,,,,,"-36,165.33",0,"-36,165.33",N
St John of God Health Care - Geraldton,ALINTA ENERGY,ELEC,80018017,2/4/2025,2/5/2025,89010375,80010042134,"151 CATHEDRAL AVE, GERALDTON WA",1/3/2025,31/03/2025,Environmental,STC Charge,KWH,0.005556,1.0394,1.0196,0.005888,150222,884.52,88.45,972.97,N
St John of God Health Care - Geraldton,ALINTA ENERGY,ELEC,80018017,2/4/2025,2/5/2025,89010375,80010042134,"151 CATHEDRAL AVE, GERALDTON WA",1/3/2025,31/03/2025,Environmental,LGC Charge,KWH,0.008239,1.0394,1.0196,0.008732,150222,"1,311.66",131.17,"1,442.83",N
St John of God Health Care - Geraldton,ALINTA ENERGY,ELEC,80018017,2/4/2025,2/5/2025,89010375,80010042134,"151 CATHEDRAL AVE, GERALDTON WA",1/3/2025,31/03/2025,Market,Ancillary Charge,KWH,0.01238,1.0394,1.0196,0.01312,150222,"1,970.91",197.09,"2,168.00",N
St John of God Health Care - Geraldton,ALINTA ENERGY,ELEC,80018017,2/4/2025,2/5/2025,89010375,80010042134,"151 CATHEDRAL AVE, GERALDTON WA",1/3/2025,31/03/2025,Market,Market Fee,KWH,0.002938,1.0394,1.0196,0.003114,150222,467.73,46.77,514.5,N
St John of God Health Care - Geraldton,ALINTA ENERGY,ELEC,80018017,2/4/2025,2/5/2025,89010375,80010042134,"151 CATHEDRAL AVE, GERALDTON WA",1/3/2025,31/03/2025,Energy,Off Peak Energy,KWH,0.0876,1.0394,1.0196,0.092836,72731,"6,752.12",675.21,"7,427.33",N
St John of God Health Care - Geraldton,ALINTA ENERGY,ELEC,80018017,2/4/2025,2/5/2025,89010375,80010042134,"151 CATHEDRAL AVE, GERALDTON WA",1/3/2025,31/03/2025,Energy,Peak Energy,KWH,0.0935,1.0394,1.0196,0.099089,77490,"7,678.41",767.84,"8,446.25",N
St John of God Health Care - Geraldton,ALINTA ENERGY,ELEC,80018017,2/4/2025,2/5/2025,89010375,80010042134,"151 CATHEDRAL AVE, GERALDTON WA",1/3/2025,31/03/2025,Network Other,Metering Service Charge M13,DAYS,0.17633,,,0.17633,31,5.47,0.55,6.02,N
St John of God Health Care - Geraldton,ALINTA ENERGY,ELEC,80018017,2/4/2025,2/5/2025,89010375,80010042134,"151 CATHEDRAL AVE, GERALDTON WA",1/3/2025,31/03/2025,Network Transmission,Fixed Demand Charge (300 to 1000),DAYS,119.37117,,,119.37117,31,"3,700.51",370.05,"4,070.56",N
St John of God Health Care - Geraldton,ALINTA ENERGY,ELEC,80018017,2/4/2025,2/5/2025,89010375,80010042134,"151 CATHEDRAL AVE, GERALDTON WA",1/3/2025,31/03/2025,Network Transmission,Fixed Demand Charge (1000 to 1500),DAYS,331.05924,,,331.05924,0,0,0,0,N
St John of God Health Care - Geraldton,ALINTA ENERGY,ELEC,80018017,2/4/2025,2/5/2025,89010375,80010042134,"151 CATHEDRAL AVE, GERALDTON WA",1/3/2025,31/03/2025,Network Transmission,Variable Demand Charge (0 to 300),KVA,0.3979,,,0.3979,0,0,0,0,N
St John of God Health Care - Geraldton,ALINTA ENERGY,ELEC,80018017,2/4/2025,2/5/2025,89010375,80010042134,"151 CATHEDRAL AVE, GERALDTON WA",1/3/2025,31/03/2025,Network Transmission,Variable Demand Charge (300 to 1000),KVA,0.30242,,,0.30242,5928,"1,792.75",179.28,"1,972.03",N
St John of God Health Care - Geraldton,ALINTA ENERGY,ELEC,80018017,2/4/2025,2/5/2025,89010375,80010042134,"151 CATHEDRAL AVE, GERALDTON WA",1/3/2025,31/03/2025,Network Transmission,Variable Demand Charge (1000 to 1500),KVA,0.16554,,,0.16554,0,0,0,0,N
St John of God Health Care - Geraldton,ALINTA ENERGY,ELEC,80018017,2/4/2025,2/5/2025,89010375,80010042134,"151 CATHEDRAL AVE, GERALDTON WA",1/3/2025,31/03/2025,Network Distribution,Fixed Demand Charge (0 to 300),DAYS,11.93783,,,11.93783,0,0,0,0,N
St John of God Health Care - Geraldton,ALINTA ENERGY,ELEC,80018017,2/4/2025,2/5/2025,89010375,80010042134,"151 CATHEDRAL AVE, GERALDTON WA",1/3/2025,31/03/2025,Network Distribution,Fixed Demand Charge (300 to 1000),DAYS,190.22283,,,190.22283,31,"5,896.91",589.69,"6,486.60",N
St John of God Health Care - Geraldton,ALINTA ENERGY,ELEC,80018017,2/4/2025,2/5/2025,89010375,80010042134,"151 CATHEDRAL AVE, GERALDTON WA",1/3/2025,31/03/2025,Network Distribution,Fixed Demand Charge (1000 to 1500),DAYS,535.09076,,,535.09076,0,0,0,0,N
St John of God Health Care - Geraldton,ALINTA ENERGY,ELEC,80018017,2/4/2025,2/5/2025,89010375,80010042134,"151 CATHEDRAL AVE, GERALDTON WA",1/3/2025,31/03/2025,Network Distribution,Variable Demand Charge (0 to 300),KVA,0.63408,,,0.63408,0,0,0,0,N
St John of God Health Care - Geraldton,ALINTA ENERGY,ELEC,80018017,2/4/2025,2/5/2025,89010375,80010042134,"151 CATHEDRAL AVE, GERALDTON WA",1/3/2025,31/03/2025,Network Distribution,Variable Demand Charge (300 to 1000),KVA,0.49266,,,0.49266,5928,"2,920.49",292.05,"3,212.54",N
St John of God Health Care - Geraldton,ALINTA ENERGY,ELEC,80018017,2/4/2025,2/5/2025,89010375,80010042134,"151 CATHEDRAL AVE, GERALDTON WA",1/3/2025,31/03/2025,Network Distribution,Variable Demand Charge (1000 to 1500),KVA,0.24919,,,0.24919,0,0,0,0,N
St John of God Health Care - Geraldton,ALINTA ENERGY,ELEC,80018017,2/4/2025,2/5/2025,89010375,80010042134,"151 CATHEDRAL AVE, GERALDTON WA",1/3/2025,31/03/2025,Network Distribution,Demand Length Charge <10km,KVA,0.00913,,,0.00913,0,0,0,0,N
St John of God Health Care - Geraldton,ALINTA ENERGY,ELEC,80018017,2/4/2025,2/5/2025,89010375,80010042134,"151 CATHEDRAL AVE, GERALDTON WA",1/3/2025,31/03/2025,Network Distribution,Demand Length Charge >= 10km,KVA,0.00631,,,0.00631,0,0,0,0,N
St John of God Health Care - Geraldton,ALINTA ENERGY,ELEC,80018017,2/4/2025,2/5/2025,89010375,80010042134,"151 CATHEDRAL AVE, GERALDTON WA",1/3/2025,31/03/2025,Network Other,Metering Fixed Charge,DAYS,0.17195,,,0.17195,31,5.33,0.53,5.86,N
St John of God Health Care - Geraldton,ALINTA ENERGY,ELEC,80018017,2/4/2025,2/5/2025,89010375,80010042134,"151 CATHEDRAL AVE, GERALDTON WA",1/3/2025,31/03/2025,Other,Retail Service Charge,DAYS,1.99,,,1.99,31,61.69,6.17,67.86,N
St John of God Health Care - Geraldton,ALINTA ENERGY,ELEC,80018017,2/4/2025,2/5/2025,89010375,80010042134,"151 CATHEDRAL AVE, GERALDTON WA",1/3/2025,31/03/2025,Market,Capacity Charge,,,,,,,"5,201.53",520.15,"5,721.68",N
St John of God Health Care - Geraldton,ALINTA ENERGY,ELEC,80018017,2/4/2025,2/5/2025,89010375,80010042134,"151 CATHEDRAL AVE, GERALDTON WA",1/3/2025,31/03/2025,Network Distribution,Discount,,,,,,,"-2,139.92",-213.99,"-2,353.91",N
St John of God Health Care - Geraldton,ALINTA ENERGY,ELEC,80018017,2/4/2025,2/5/2025,89010375,80010042134,"151 CATHEDRAL AVE, GERALDTON WA",1/3/2025,31/03/2025,Network Transmission,Discount,,,,,,,"-1,333.17",-133.32,"-1,466.49",N
St John of God Health Care - Midland,ALINTA ENERGY,,80018018,4/4/2025,5/5/2025,,,,,,Cash Payment,Payment received 532838 14/03/2025,,,,,,,-135.72,0,-135.72,N
St John of God Health Care - Midland,ALINTA ENERGY,ELEC,80018018,4/4/2025,5/5/2025,89010261,80022128860,"Unit 1/1 CLAYTON ST, MIDLAND WA",1/3/2025,31/03/2025,Environmental,STC Charge,KWH,0.005556,1.0173,1.0196,0.005763,0,0,0,0,N
St John of God Health Care - Midland,ALINTA ENERGY,ELEC,80018018,4/4/2025,5/5/2025,89010261,80022128860,"Unit 1/1 CLAYTON ST, MIDLAND WA",1/3/2025,31/03/2025,Environmental,LGC Charge,KWH,0.008239,1.0173,1.0196,0.008546,0,0,0,0,N
St John of God Health Care - Midland,ALINTA ENERGY,ELEC,80018018,4/4/2025,5/5/2025,89010261,80022128860,"Unit 1/1 CLAYTON ST, MIDLAND WA",1/3/2025,31/03/2025,Market,Ancillary Charge,KWH,0.01238,1.0173,1.0196,0.012841,0,0,0,0,N
St John of God Health Care - Midland,ALINTA ENERGY,ELEC,80018018,4/4/2025,5/5/2025,89010261,80022128860,"Unit 1/1 CLAYTON ST, MIDLAND WA",1/3/2025,31/03/2025,Market,Market Fee,KWH,0.002938,1.0173,1.0196,0.003047,0,0,0,0,N
St John of God Health Care - Midland,ALINTA ENERGY,ELEC,80018018,4/4/2025,5/5/2025,89010261,80022128860,"Unit 1/1 CLAYTON ST, MIDLAND WA",1/3/2025,31/03/2025,Energy,Off Peak Energy,KWH,0.0876,1.0173,1.0196,0.090862,0,0,0,0,N
St John of God Health Care - Midland,ALINTA ENERGY,ELEC,80018018,4/4/2025,5/5/2025,89010261,80022128860,"Unit 1/1 CLAYTON ST, MIDLAND WA",1/3/2025,31/03/2025,Energy,Peak Energy,KWH,0.0935,1.0173,1.0196,0.096982,0,0,0,0,N
St John of God Health Care - Midland,ALINTA ENERGY,ELEC,80018018,4/4/2025,5/5/2025,89010261,80022128860,"Unit 1/1 CLAYTON ST, MIDLAND WA",1/3/2025,31/03/2025,Network Other,Metering Service Charge M13,DAYS,0.17633,,,0.17633,31,5.47,0.55,6.02,N
St John of God Health Care - Midland,ALINTA ENERGY,ELEC,80018018,4/4/2025,5/5/2025,89010261,80022128860,"Unit 1/1 CLAYTON ST, MIDLAND WA",1/3/2025,31/03/2025,Network Transmission,Fixed Demand Charge (300 to 1000),DAYS,114.51089,,,114.51089,0,0,0,0,N
St John of God Health Care - Midland,ALINTA ENERGY,ELEC,80018018,4/4/2025,5/5/2025,89010261,80022128860,"Unit 1/1 CLAYTON ST, MIDLAND WA",1/3/2025,31/03/2025,Network Transmission,Fixed Demand Charge (1000 to 1500),DAYS,307.70966,,,307.70966,0,0,0,0,N
St John of God Health Care - Midland,ALINTA ENERGY,ELEC,80018018,4/4/2025,5/5/2025,89010261,80022128860,"Unit 1/1 CLAYTON ST, MIDLAND WA",1/3/2025,31/03/2025,Network Transmission,Variable Demand Charge (0 to 300),KVA,0.38171,,,0.38171,0,0,0,0,N
St John of God Health Care - Midland,ALINTA ENERGY,ELEC,80018018,4/4/2025,5/5/2025,89010261,80022128860,"Unit 1/1 CLAYTON ST, MIDLAND WA",1/3/2025,31/03/2025,Network Transmission,Variable Demand Charge (300 to 1000),KVA,0.276,,,0.276,0,0,0,0,N
St John of God Health Care - Midland,ALINTA ENERGY,ELEC,80018018,4/4/2025,5/5/2025,89010261,80022128860,"Unit 1/1 CLAYTON ST, MIDLAND WA",1/3/2025,31/03/2025,Network Transmission,Variable Demand Charge (1000 to 1500),KVA,0.15315,,,0.15315,0,0,0,0,N
St John of God Health Care - Midland,ALINTA ENERGY,ELEC,80018018,4/4/2025,5/5/2025,89010261,80022128860,"Unit 1/1 CLAYTON ST, MIDLAND WA",1/3/2025,31/03/2025,Network Distribution,Fixed Demand Charge (0 to 300),DAYS,2.06868,,,2.06868,31,64.13,6.41,70.54,N
St John of God Health Care - Midland,ALINTA ENERGY,ELEC,80018018,4/4/2025,5/5/2025,89010261,80022128860,"Unit 1/1 CLAYTON ST, MIDLAND WA",1/3/2025,31/03/2025,Network Distribution,Fixed Demand Charge (300 to 1000),DAYS,182.66011,,,182.66011,0,0,0,0,N
St John of God Health Care - Midland,ALINTA ENERGY,ELEC,80018018,4/4/2025,5/5/2025,89010261,80022128860,"Unit 1/1 CLAYTON ST, MIDLAND WA",1/3/2025,31/03/2025,Network Distribution,Fixed Demand Charge (1000 to 1500),DAYS,493.17434,,,493.17434,0,0,0,0,N
St John of God Health Care - Midland,ALINTA ENERGY,ELEC,80018018,4/4/2025,5/5/2025,89010261,80022128860,"Unit 1/1 CLAYTON ST, MIDLAND WA",1/3/2025,31/03/2025,Network Distribution,Variable Demand Charge (0 to 300),KVA,0.60886,,,0.60886,0,0,0,0,N
St John of God Health Care - Midland,ALINTA ENERGY,ELEC,80018018,4/4/2025,5/5/2025,89010261,80022128860,"Unit 1/1 CLAYTON ST, MIDLAND WA",1/3/2025,31/03/2025,Network Distribution,Variable Demand Charge (300 to 1000),KVA,0.44359,,,0.44359,0,0,0,0,N
St John of God Health Care - Midland,ALINTA ENERGY,ELEC,80018018,4/4/2025,5/5/2025,89010261,80022128860,"Unit 1/1 CLAYTON ST, MIDLAND WA",1/3/2025,31/03/2025,Network Distribution,Variable Demand Charge (1000 to 1500),KVA,0.19167,,,0.19167,0,0,0,0,N
St John of God Health Care - Midland,ALINTA ENERGY,ELEC,80018018,4/4/2025,5/5/2025,89010261,80022128860,"Unit 1/1 CLAYTON ST, MIDLAND WA",1/3/2025,31/03/2025,Network Distribution,Demand Length Charge <10km,KVA,0.01956,,,0.01956,0,0,0,0,N
St John of God Health Care - Midland,ALINTA ENERGY,ELEC,80018018,4/4/2025,5/5/2025,89010261,80022128860,"Unit 1/1 CLAYTON ST, MIDLAND WA",1/3/2025,31/03/2025,Network Distribution,Demand Length Charge >= 10km,KVA,0.01382,,,0.01382,0,0,0,0,N
St John of God Health Care - Midland,ALINTA ENERGY,ELEC,80018018,4/4/2025,5/5/2025,89010261,80022128860,"Unit 1/1 CLAYTON ST, MIDLAND WA",1/3/2025,31/03/2025,Network Other,Metering Fixed Charge,DAYS,0.17195,,,0.17195,31,5.33,0.53,5.86,N
St John of God Health Care - Midland,ALINTA ENERGY,ELEC,80018018,4/4/2025,5/5/2025,89010261,80022128860,"Unit 1/1 CLAYTON ST, MIDLAND WA",1/3/2025,31/03/2025,Other,Retail Service Charge,DAYS,1.99,,,1.99,31,61.69,6.17,67.86,N
St John of God Health Care - Midland,ALINTA ENERGY,ELEC,80018018,4/4/2025,5/5/2025,89010261,80022128860,"Unit 1/1 CLAYTON ST, MIDLAND WA",1/3/2025,31/03/2025,Market,Capacity Charge,,,,,,,0,0,0,N
St John of God Health Care Inc,ALINTA ENERGY,,80018019,3/4/2025,5/5/2025,,,,,,Elect Adj Credit - Retail,Adjustment STC Binding CY25 STP 13.89% - Jan 25 & Feb 25,,,,,,,-2.57,0,-2.57,N
St John of God Health Care Inc,ALINTA ENERGY,,80018019,3/4/2025,5/5/2025,,,,,,Elect Adj Credit - Retail,Adjustment LGC Binding CY25 RPP 17.91% - Jan 25 & Feb 25,,,,,,,-0.32,0,-0.32,N
St John of God Health Care Inc,ALINTA ENERGY,,80018019,3/4/2025,5/5/2025,,,,,,Cash Payment,Payment received 532833 14/03/2025,,,,,,,-300.45,0,-300.45,N
St John of God Health Care Inc,ALINTA ENERGY,ELEC,80018019,3/4/2025,5/5/2025,89010262,80023564816,"1 Workshops AVE, MIDLAND WA",1/3/2025,31/03/2025,Network Transmission,Anytime Energy Charge - Electricity Network Weekend Offpeak,KWH,0.04041,,,0.04041,157,6.34,0.63,6.97,N
St John of God Health Care Inc,ALINTA ENERGY,ELEC,80018019,3/4/2025,5/5/2025,89010262,80023564816,"1 Workshops AVE, MIDLAND WA",1/3/2025,31/03/2025,Network Transmission,Anytime Energy Charge - Electricity Network Weekday Offpeak,KWH,0.04041,,,0.04041,202,8.16,0.82,8.98,N
St John of God Health Care Inc,ALINTA ENERGY,ELEC,80018019,3/4/2025,5/5/2025,89010262,80023564816,"1 Workshops AVE, MIDLAND WA",1/3/2025,31/03/2025,Network Transmission,Anytime Energy Charge - Electricity Network Weekday Shoulder,KWH,0.04454,,,0.04454,2,0.09,0.01,0.1,N
St John of God Health Care Inc,ALINTA ENERGY,ELEC,80018019,3/4/2025,5/5/2025,89010262,80023564816,"1 Workshops AVE, MIDLAND WA",1/3/2025,31/03/2025,Network Transmission,Anytime Energy Charge - Electricity Network Weekday Peak,KWH,0.05609,,,0.05609,81,4.54,0.45,4.99,N
St John of God Health Care Inc,ALINTA ENERGY,ELEC,80018019,3/4/2025,5/5/2025,89010262,80023564816,"1 Workshops AVE, MIDLAND WA",1/3/2025,31/03/2025,Network Distribution,Anytime Energy Charge - Electricity Network Weekend Offpeak,KWH,0.05108,,,0.05108,157,8.02,0.8,8.82,N
St John of God Health Care Inc,ALINTA ENERGY,ELEC,80018019,3/4/2025,5/5/2025,89010262,80023564816,"1 Workshops AVE, MIDLAND WA",1/3/2025,31/03/2025,Network Distribution,Anytime Energy Charge - Electricity Network Weekday Offpeak,KWH,0.05108,,,0.05108,202,10.32,1.03,11.35,N
St John of God Health Care Inc,ALINTA ENERGY,ELEC,80018019,3/4/2025,5/5/2025,89010262,80023564816,"1 Workshops AVE, MIDLAND WA",1/3/2025,31/03/2025,Network Distribution,Anytime Energy Charge - Electricity Network Weekday Shoulder,KWH,0.08165,,,0.08165,2,0.16,0.02,0.18,N
St John of God Health Care Inc,ALINTA ENERGY,ELEC,80018019,3/4/2025,5/5/2025,89010262,80023564816,"1 Workshops AVE, MIDLAND WA",1/3/2025,31/03/2025,Network Distribution,Anytime Energy Charge - Electricity Network Weekday Peak,KWH,0.1597,,,0.1597,81,12.94,1.29,14.23,N
St John of God Health Care Inc,ALINTA ENERGY,ELEC,80018019,3/4/2025,5/5/2025,89010262,80023564816,"1 Workshops AVE, MIDLAND WA",1/3/2025,31/03/2025,Environmental,STC Charge,KWH,0.005556,1.0454,1.0146,0.005893,442,2.6,0.26,2.86,N
St John of God Health Care Inc,ALINTA ENERGY,ELEC,80018019,3/4/2025,5/5/2025,89010262,80023564816,"1 Workshops AVE, MIDLAND WA",1/3/2025,31/03/2025,Environmental,LGC Charge,KWH,0.008239,1.0454,1.0146,0.008739,442,3.86,0.39,4.25,N
St John of God Health Care Inc,ALINTA ENERGY,ELEC,80018019,3/4/2025,5/5/2025,89010262,80023564816,"1 Workshops AVE, MIDLAND WA",1/3/2025,31/03/2025,Market,Ancillary Charge,KWH,0.01238,1.0454,1.0146,0.013131,442,5.79,0.58,6.37,N
St John of God Health Care Inc,ALINTA ENERGY,ELEC,80018019,3/4/2025,5/5/2025,89010262,80023564816,"1 Workshops AVE, MIDLAND WA",1/3/2025,31/03/2025,Market,Market Fee,KWH,0.002938,1.0454,1.0146,0.003116,442,1.37,0.14,1.51,N
St John of God Health Care Inc,ALINTA ENERGY,ELEC,80018019,3/4/2025,5/5/2025,89010262,80023564816,"1 Workshops AVE, MIDLAND WA",1/3/2025,31/03/2025,Energy,Off Peak Energy,KWH,0.0876,1.0454,1.0146,0.092914,332,30.84,3.08,33.92,N
St John of God Health Care Inc,ALINTA ENERGY,ELEC,80018019,3/4/2025,5/5/2025,89010262,80023564816,"1 Workshops AVE, MIDLAND WA",1/3/2025,31/03/2025,Energy,Peak Energy,KWH,0.0935,1.0454,1.0146,0.099172,110,10.85,1.08,11.93,N
St John of God Health Care Inc,ALINTA ENERGY,ELEC,80018019,3/4/2025,5/5/2025,89010262,80023564816,"1 Workshops AVE, MIDLAND WA",1/3/2025,31/03/2025,Network Other,Metering Service Charge M9,DAYS,0.02891,,,0.02891,31,0.9,0.09,0.99,N
St John of God Health Care Inc,ALINTA ENERGY,ELEC,80018019,3/4/2025,5/5/2025,89010262,80023564816,"1 Workshops AVE, MIDLAND WA",1/3/2025,31/03/2025,Network Distribution,Fixed Charge,DAYS,2.58665,,,2.58665,31,80.19,8.02,88.21,N
St John of God Health Care Inc,ALINTA ENERGY,ELEC,80018019,3/4/2025,5/5/2025,89010262,80023564816,"1 Workshops AVE, MIDLAND WA",1/3/2025,31/03/2025,Network Other,Metering Fixed Charge,DAYS,0.17195,,,0.17195,31,5.33,0.53,5.86,N
St John of God Health Care Inc,ALINTA ENERGY,ELEC,80018019,3/4/2025,5/5/2025,89010262,80023564816,"1 Workshops AVE, MIDLAND WA",1/3/2025,31/03/2025,Network Distribution,Distribution Variable Demand Charge,KVA,0.04649,,,0.04649,31,1.44,0.14,1.58,N
St John of God Health Care Inc,ALINTA ENERGY,ELEC,80018019,3/4/2025,5/5/2025,89010262,80023564816,"1 Workshops AVE, MIDLAND WA",1/3/2025,31/03/2025,Network Distribution,Transmission Variable Demand Charge,KVA,0.0318,,,0.0318,31,0.99,0.1,1.09,N
St John of God Health Care Inc,ALINTA ENERGY,ELEC,80018019,3/4/2025,5/5/2025,89010262,80023564816,"1 Workshops AVE, MIDLAND WA",1/3/2025,31/03/2025,Other,Retail Service Charge,DAYS,1.99,,,1.99,31,61.69,6.17,67.86,N
St John of God Health Care Inc,ALINTA ENERGY,ELEC,80018019,3/4/2025,5/5/2025,89010262,80023564816,"1 Workshops AVE, MIDLAND WA",1/3/2025,31/03/2025,Market,Capacity Charge,,,,,,,41.43,4.14,45.57,N
Accounts Payable,ALINTA ENERGY,,80018021,1/4/2025,1/5/2025,,,,,,Cash Payment,Payment received 531385 07/03/2025,,,,,,,"-10,698.98",0,"-10,698.98",N
Accounts Payable,ALINTA ENERGY,,80018021,1/4/2025,1/5/2025,,,,,,Cash Payment,Payment received 530888 05/03/2025,,,,,,,"-11,824.39",0,"-11,824.39",N
Accounts Payable,ALINTA ENERGY,ELEC,80018021,1/4/2025,1/5/2025,89010263,80022035033,"Unit 13/190 CAMBRIDGE ST, WEMBLEY WA",21/02/2025,13/03/2025,Environmental,STC Charge,KWH,0.008128,1.0394,1.0196,0.008614,27298,235.14,23.51,258.65,N
Accounts Payable,ALINTA ENERGY,ELEC,80018021,1/4/2025,1/5/2025,89010263,80022035033,"Unit 13/190 CAMBRIDGE ST, WEMBLEY WA",21/02/2025,13/03/2025,Environmental,LGC Charge,KWH,0.008556,1.0394,1.0196,0.009067,27298,247.53,24.75,272.28,N
Accounts Payable,ALINTA ENERGY,ELEC,80018021,1/4/2025,1/5/2025,89010263,80022035033,"Unit 13/190 CAMBRIDGE ST, WEMBLEY WA",21/02/2025,13/03/2025,Market,Ancillary Charge,KWH,0.00408,1.0394,1.0196,0.004324,27298,118.03,11.8,129.83,N
Accounts Payable,ALINTA ENERGY,ELEC,80018021,1/4/2025,1/5/2025,89010263,80022035033,"Unit 13/190 CAMBRIDGE ST, WEMBLEY WA",21/02/2025,13/03/2025,Market,Market Fee,KWH,0.002938,1.0394,1.0196,0.003114,27298,85,8.5,93.5,N
Accounts Payable,ALINTA ENERGY,ELEC,80018021,1/4/2025,1/5/2025,89010263,80022035033,"Unit 13/190 CAMBRIDGE ST, WEMBLEY WA",21/02/2025,13/03/2025,Energy,Off Peak Energy,KWH,0.0876,1.0394,1.0196,0.092836,13815,"1,282.46",128.25,"1,410.71",N
Accounts Payable,ALINTA ENERGY,ELEC,80018021,1/4/2025,1/5/2025,89010263,80022035033,"Unit 13/190 CAMBRIDGE ST, WEMBLEY WA",21/02/2025,13/03/2025,Energy,Peak Energy,KWH,0.0935,1.0394,1.0196,0.099089,13484,"1,336.12",133.61,"1,469.73",N
Accounts Payable,ALINTA ENERGY,ELEC,80018021,1/4/2025,1/5/2025,89010263,80022035033,"Unit 13/190 CAMBRIDGE ST, WEMBLEY WA",21/02/2025,13/03/2025,Network Other,Metering Service Charge M11,DAYS,0.65998,,,0.65998,21,13.86,1.39,15.25,N
Accounts Payable,ALINTA ENERGY,ELEC,80018021,1/4/2025,1/5/2025,89010263,80022035033,"Unit 13/190 CAMBRIDGE ST, WEMBLEY WA",21/02/2025,13/03/2025,Network Transmission,Fixed Demand Charge (300 to 1000),DAYS,119.37117,,,119.37117,0,0,0,0,N
Accounts Payable,ALINTA ENERGY,ELEC,80018021,1/4/2025,1/5/2025,89010263,80022035033,"Unit 13/190 CAMBRIDGE ST, WEMBLEY WA",21/02/2025,13/03/2025,Network Transmission,Fixed Demand Charge (1000 to 1500),DAYS,331.05924,,,331.05924,0,0,0,0,N
Accounts Payable,ALINTA ENERGY,ELEC,80018021,1/4/2025,1/5/2025,89010263,80022035033,"Unit 13/190 CAMBRIDGE ST, WEMBLEY WA",21/02/2025,13/03/2025,Network Transmission,Variable Demand Charge (0 to 300),KVA,0.3979,,,0.3979,2519,"1,002.31",100.23,"1,102.54",N
Accounts Payable,ALINTA ENERGY,ELEC,80018021,1/4/2025,1/5/2025,89010263,80022035033,"Unit 13/190 CAMBRIDGE ST, WEMBLEY WA",21/02/2025,13/03/2025,Network Transmission,Variable Demand Charge (300 to 1000),KVA,0.30242,,,0.30242,0,0,0,0,N
Accounts Payable,ALINTA ENERGY,ELEC,80018021,1/4/2025,1/5/2025,89010263,80022035033,"Unit 13/190 CAMBRIDGE ST, WEMBLEY WA",21/02/2025,13/03/2025,Network Transmission,Variable Demand Charge (1000 to 1500),KVA,0.16554,,,0.16554,0,0,0,0,N
Accounts Payable,ALINTA ENERGY,ELEC,80018021,1/4/2025,1/5/2025,89010263,80022035033,"Unit 13/190 CAMBRIDGE ST, WEMBLEY WA",21/02/2025,13/03/2025,Network Distribution,Fixed Demand Charge (0 to 300),DAYS,11.93783,,,11.93783,21,250.69,25.07,275.76,N
Accounts Payable,ALINTA ENERGY,ELEC,80018021,1/4/2025,1/5/2025,89010263,80022035033,"Unit 13/190 CAMBRIDGE ST, WEMBLEY WA",21/02/2025,13/03/2025,Network Distribution,Fixed Demand Charge (300 to 1000),DAYS,190.22283,,,190.22283,0,0,0,0,N
Accounts Payable,ALINTA ENERGY,ELEC,80018021,1/4/2025,1/5/2025,89010263,80022035033,"Unit 13/190 CAMBRIDGE ST, WEMBLEY WA",21/02/2025,13/03/2025,Network Distribution,Fixed Demand Charge (1000 to 1500),DAYS,535.09076,,,535.09076,0,0,0,0,N
Accounts Payable,ALINTA ENERGY,ELEC,80018021,1/4/2025,1/5/2025,89010263,80022035033,"Unit 13/190 CAMBRIDGE ST, WEMBLEY WA",21/02/2025,13/03/2025,Network Distribution,Variable Demand Charge (0 to 300),KVA,0.63408,,,0.63408,2519,"1,597.25",159.72,"1,756.97",N
Accounts Payable,ALINTA ENERGY,ELEC,80018021,1/4/2025,1/5/2025,89010263,80022035033,"Unit 13/190 CAMBRIDGE ST, WEMBLEY WA",21/02/2025,13/03/2025,Network Distribution,Variable Demand Charge (300 to 1000),KVA,0.49266,,,0.49266,0,0,0,0,N
Accounts Payable,ALINTA ENERGY,ELEC,80018021,1/4/2025,1/5/2025,89010263,80022035033,"Unit 13/190 CAMBRIDGE ST, WEMBLEY WA",21/02/2025,13/03/2025,Network Distribution,Variable Demand Charge (1000 to 1500),KVA,0.24919,,,0.24919,0,0,0,0,N
Accounts Payable,ALINTA ENERGY,ELEC,80018021,1/4/2025,1/5/2025,89010263,80022035033,"Unit 13/190 CAMBRIDGE ST, WEMBLEY WA",21/02/2025,13/03/2025,Network Other,Demand Length Charge >= 10km,KVA,0,,,0,0,0,0,0,N
Accounts Payable,ALINTA ENERGY,ELEC,80018021,1/4/2025,1/5/2025,89010263,80022035033,"Unit 13/190 CAMBRIDGE ST, WEMBLEY WA",21/02/2025,13/03/2025,Network Other,Demand Length Charge <10km,KVA,0,,,0,0,0,0,0,N
Accounts Payable,ALINTA ENERGY,ELEC,80018021,1/4/2025,1/5/2025,89010263,80022035033,"Unit 13/190 CAMBRIDGE ST, WEMBLEY WA",21/02/2025,13/03/2025,Network Other,Metering Fixed Charge,DAYS,0.17195,,,0.17195,21,3.61,0.36,3.97,N
Accounts Payable,ALINTA ENERGY,ELEC,80018021,1/4/2025,1/5/2025,89010263,80022035033,"Unit 13/190 CAMBRIDGE ST, WEMBLEY WA",21/02/2025,13/03/2025,Other,Retail Service Charge,DAYS,1.99,,,1.99,21,41.79,4.18,45.97,N
Accounts Payable,ALINTA ENERGY,ELEC,80018021,1/4/2025,1/5/2025,89010263,80022035033,"Unit 13/190 CAMBRIDGE ST, WEMBLEY WA",21/02/2025,13/03/2025,Market,Capacity Charge,,,,,,,385.63,38.56,424.19,N
Accounts Payable,ALINTA ENERGY,ELEC,80018021,1/4/2025,1/5/2025,89010263,80022035033,"Unit 13/190 CAMBRIDGE ST, WEMBLEY WA",21/02/2025,13/03/2025,Market,Capacity Charge,,,,,,,547.57,54.76,602.33,N
Accounts Payable,ALINTA ENERGY,ELEC,80018021,1/4/2025,1/5/2025,89010263,80022035033,"Unit 13/190 CAMBRIDGE ST, WEMBLEY WA",21/02/2025,13/03/2025,Network Distribution,Discount,,,,,,,-445.34,-44.53,-489.87,N
Accounts Payable,ALINTA ENERGY,ELEC,80018021,1/4/2025,1/5/2025,89010263,80022035033,"Unit 13/190 CAMBRIDGE ST, WEMBLEY WA",21/02/2025,13/03/2025,Network Transmission,Discount,,,,,,,-241.55,-24.16,-265.71,N
Accounts Payable,ALINTA ENERGY,,80018044,2/4/2025,2/5/2025,,,,,,Interest,Interest Charges 11.68% 1 days,,,,,,,0.38,,0.38,N
Accounts Payable,ALINTA ENERGY,,80018044,2/4/2025,2/5/2025,,,,,,Interest,Interest Charges 11.68% 27 days,,,,,,,31.42,0,31.42,N
Accounts Payable,ALINTA ENERGY,,80018044,2/4/2025,2/5/2025,,,,,,Elect Adj Credit - Retail,Adjustment STC Binding CY25 STP 13.89% - Jan 25 & Feb 25,,,,,,,"-2,171.83",0,"-2,171.83",N
Accounts Payable,ALINTA ENERGY,,80018044,2/4/2025,2/5/2025,,,,,,Elect Adj Credit - Retail,Adjustment LGC Binding CY25 RPP 17.91% - Jan 25 & Feb 25,,,,,,,-268.02,0,-268.02,N
Accounts Payable,ALINTA ENERGY,,80018044,2/4/2025,2/5/2025,,,,,,Cash Payment,Payment received 532837 14/03/2025,,,,,,,"-87,071.65",0,"-87,071.65",N
Accounts Payable,ALINTA ENERGY,ELEC,80018044,2/4/2025,2/5/2025,89010302,80010007897,"5 THIRLMERE RD, MOUNT LAWLEY WA",1/3/2025,31/03/2025,Environmental,STC Charge,KWH,0.005556,1.0114,1.0146,0.005701,370063,"2,109.87",210.99,"2,320.86",N
Accounts Payable,ALINTA ENERGY,ELEC,80018044,2/4/2025,2/5/2025,89010302,80010007897,"5 THIRLMERE RD, MOUNT LAWLEY WA",1/3/2025,31/03/2025,Environmental,LGC Charge,KWH,0.008239,1.0114,1.0146,0.008455,370063,"3,128.73",312.87,"3,441.60",N
Accounts Payable,ALINTA ENERGY,ELEC,80018044,2/4/2025,2/5/2025,89010302,80010007897,"5 THIRLMERE RD, MOUNT LAWLEY WA",1/3/2025,31/03/2025,Market,Ancillary Charge,KWH,0.01238,1.0114,1.0146,0.012704,370063,"4,701.26",470.13,"5,171.39",N
Accounts Payable,ALINTA ENERGY,ELEC,80018044,2/4/2025,2/5/2025,89010302,80010007897,"5 THIRLMERE RD, MOUNT LAWLEY WA",1/3/2025,31/03/2025,Market,Market Fee,KWH,0.002938,1.0114,1.0146,0.003015,370063,"1,115.69",111.57,"1,227.26",N
Accounts Payable,ALINTA ENERGY,ELEC,80018044,2/4/2025,2/5/2025,89010302,80010007897,"5 THIRLMERE RD, MOUNT LAWLEY WA",1/3/2025,31/03/2025,Energy,Off Peak Energy,KWH,0.0876,1.0114,1.0146,0.089892,178115,"16,011.18","1,601.12","17,612.30",N
Accounts Payable,ALINTA ENERGY,ELEC,80018044,2/4/2025,2/5/2025,89010302,80010007897,"5 THIRLMERE RD, MOUNT LAWLEY WA",1/3/2025,31/03/2025,Energy,Peak Energy,KWH,0.0935,1.0114,1.0146,0.095947,191948,"18,416.69","1,841.67","20,258.36",N
Accounts Payable,ALINTA ENERGY,ELEC,80018044,2/4/2025,2/5/2025,89010302,80010007897,"5 THIRLMERE RD, MOUNT LAWLEY WA",1/3/2025,31/03/2025,Network Other,Metering Service Charge M13,DAYS,0.17633,,,0.17633,31,5.47,0.55,6.02,N
Accounts Payable,ALINTA ENERGY,ELEC,80018044,2/4/2025,2/5/2025,89010302,80010007897,"5 THIRLMERE RD, MOUNT LAWLEY WA",1/3/2025,31/03/2025,Network Transmission,Fixed Demand Charge,DAYS,246.56404,,,246.56404,31,"7,643.49",764.35,"8,407.84",N
Accounts Payable,ALINTA ENERGY,ELEC,80018044,2/4/2025,2/5/2025,89010302,80010007897,"5 THIRLMERE RD, MOUNT LAWLEY WA",1/3/2025,31/03/2025,Network Distribution,Fixed Demand Charge,DAYS,350.94829,,,350.94829,31,"10,879.40","1,087.94","11,967.34",N
Accounts Payable,ALINTA ENERGY,ELEC,80018044,2/4/2025,2/5/2025,89010302,80010007897,"5 THIRLMERE RD, MOUNT LAWLEY WA",1/3/2025,31/03/2025,Network Transmission,Variable Demand Charge <7k kVA,KVA,0.23111,,,0.23111,4805,"1,110.48",111.05,"1,221.53",N
Accounts Payable,ALINTA ENERGY,ELEC,80018044,2/4/2025,2/5/2025,89010302,80010007897,"5 THIRLMERE RD, MOUNT LAWLEY WA",1/3/2025,31/03/2025,Network Transmission,Variable Demand Charge >7k kVA,KVA,0.23275,,,0.23275,0,0,0,0,N
Accounts Payable,ALINTA ENERGY,ELEC,80018044,2/4/2025,2/5/2025,89010302,80010007897,"5 THIRLMERE RD, MOUNT LAWLEY WA",1/3/2025,31/03/2025,Network Distribution,Variable Demand Charge <7k kVA,KVA,0.02556,,,0.02556,4805,122.82,12.28,135.1,N
Accounts Payable,ALINTA ENERGY,ELEC,80018044,2/4/2025,2/5/2025,89010302,80010007897,"5 THIRLMERE RD, MOUNT LAWLEY WA",1/3/2025,31/03/2025,Network Distribution,LV Fixed Charge,DAYS,12.64221,,,12.64221,31,391.91,39.19,431.1,N
Accounts Payable,ALINTA ENERGY,ELEC,80018044,2/4/2025,2/5/2025,89010302,80010007897,"5 THIRLMERE RD, MOUNT LAWLEY WA",1/3/2025,31/03/2025,Network Distribution,LV Fixed Demand Charge,KVA,0.12326,,,0.12326,35805,"4,413.32",441.33,"4,854.65",N
Accounts Payable,ALINTA ENERGY,ELEC,80018044,2/4/2025,2/5/2025,89010302,80010007897,"5 THIRLMERE RD, MOUNT LAWLEY WA",1/3/2025,31/03/2025,Network Distribution,Administration Charge (<7k kVA rate),DAYS,60.7022,,,60.7022,31,"1,881.77",188.18,"2,069.95",N
Accounts Payable,ALINTA ENERGY,ELEC,80018044,2/4/2025,2/5/2025,89010302,80010007897,"5 THIRLMERE RD, MOUNT LAWLEY WA",1/3/2025,31/03/2025,Network Distribution,Demand Length Charge <10km,KVA,0.01956,,,0.01956,6295,123.13,12.31,135.44,N
Accounts Payable,ALINTA ENERGY,ELEC,80018044,2/4/2025,2/5/2025,89010302,80010007897,"5 THIRLMERE RD, MOUNT LAWLEY WA",1/3/2025,31/03/2025,Network Distribution,Demand Length Charge >= 10km,KVA,0.01382,,,0.01382,0,0,0,0,N
Accounts Payable,ALINTA ENERGY,ELEC,80018044,2/4/2025,2/5/2025,89010302,80010007897,"5 THIRLMERE RD, MOUNT LAWLEY WA",1/3/2025,31/03/2025,Network Other,Metering Fixed Charge,DAYS,0.17195,,,0.17195,31,5.33,0.53,5.86,N
Accounts Payable,ALINTA ENERGY,ELEC,80018044,2/4/2025,2/5/2025,89010302,80010007897,"5 THIRLMERE RD, MOUNT LAWLEY WA",1/3/2025,31/03/2025,Other,Retail Service Charge,DAYS,1.99,,,1.99,31,61.69,6.17,67.86,N
Accounts Payable,ALINTA ENERGY,ELEC,80018044,2/4/2025,2/5/2025,89010302,80010007897,"5 THIRLMERE RD, MOUNT LAWLEY WA",1/3/2025,31/03/2025,Market,Capacity Charge,,,,,,,"14,156.90","1,415.69","15,572.59",N
Accounts Payable,ALINTA ENERGY,,80018045,2/4/2025,2/5/2025,,,,,,Elect Adj Credit - Retail,Adjustment STC Binding CY25 STP 13.89% - Jan 25 & Feb 25,,,,,,,-0.04,0,-0.04,N
Accounts Payable,ALINTA ENERGY,,80018045,2/4/2025,2/5/2025,,,,,,Interest,Interest Charges 11.68% 7 days,,,,,,,2.07,0,2.07,N
Accounts Payable,ALINTA ENERGY,,80018045,2/4/2025,2/5/2025,,,,,,Cash Payment,Payment received 532839 14/03/2025,,,,,,,"-8,111.69",0,"-8,111.69",N
Accounts Payable,ALINTA ENERGY,ELEC,80018045,2/4/2025,2/5/2025,89010303,80010003946,"MURDOCH DR, MURDOCH WA",1/3/2025,31/03/2025,Environmental,STC Charge,KWH,0.005556,1.0078,1.0146,0.005681,7,0.04,0,0.04,N
Accounts Payable,ALINTA ENERGY,ELEC,80018045,2/4/2025,2/5/2025,89010303,80010003946,"MURDOCH DR, MURDOCH WA",1/3/2025,31/03/2025,Environmental,LGC Charge,KWH,0.008239,1.0078,1.0146,0.008425,7,0.06,0.01,0.07,N
Accounts Payable,ALINTA ENERGY,ELEC,80018045,2/4/2025,2/5/2025,89010303,80010003946,"MURDOCH DR, MURDOCH WA",1/3/2025,31/03/2025,Market,Ancillary Charge,KWH,0.01238,1.0078,1.0146,0.012659,7,0.09,0.01,0.1,N
Accounts Payable,ALINTA ENERGY,ELEC,80018045,2/4/2025,2/5/2025,89010303,80010003946,"MURDOCH DR, MURDOCH WA",1/3/2025,31/03/2025,Market,Market Fee,KWH,0.002938,1.0078,1.0146,0.003004,7,0.02,0,0.02,N
Accounts Payable,ALINTA ENERGY,ELEC,80018045,2/4/2025,2/5/2025,89010303,80010003946,"MURDOCH DR, MURDOCH WA",1/3/2025,31/03/2025,Energy,Off Peak Energy,KWH,0.0876,1.0078,1.0146,0.089572,4,0.35,0.04,0.39,N
Accounts Payable,ALINTA ENERGY,ELEC,80018045,2/4/2025,2/5/2025,89010303,80010003946,"MURDOCH DR, MURDOCH WA",1/3/2025,31/03/2025,Energy,Peak Energy,KWH,0.0935,1.0078,1.0146,0.095605,3,0.28,0.03,0.31,N
Accounts Payable,ALINTA ENERGY,ELEC,80018045,2/4/2025,2/5/2025,89010303,80010003946,"MURDOCH DR, MURDOCH WA",1/3/2025,31/03/2025,Network Other,Metering Service Charge M13,DAYS,0.17633,,,0.17633,31,5.47,0.55,6.02,N
Accounts Payable,ALINTA ENERGY,ELEC,80018045,2/4/2025,2/5/2025,89010303,80010003946,"MURDOCH DR, MURDOCH WA",1/3/2025,31/03/2025,Network Transmission,Variable Demand Charge <7k kVA,KVA,0.23111,,,0.23111,27078,"6,258.00",625.8,"6,883.80",N
Accounts Payable,ALINTA ENERGY,ELEC,80018045,2/4/2025,2/5/2025,89010303,80010003946,"MURDOCH DR, MURDOCH WA",1/3/2025,31/03/2025,Network Transmission,Variable Demand Charge >7k kVA,KVA,0.23275,,,0.23275,0,0,0,0,N
Accounts Payable,ALINTA ENERGY,ELEC,80018045,2/4/2025,2/5/2025,89010303,80010003946,"MURDOCH DR, MURDOCH WA",1/3/2025,31/03/2025,Network Distribution,Variable Demand Charge <7k kVA,KVA,0.02556,,,0.02556,27078,692.11,69.21,761.32,N
Accounts Payable,ALINTA ENERGY,ELEC,80018045,2/4/2025,2/5/2025,89010303,80010003946,"MURDOCH DR, MURDOCH WA",1/3/2025,31/03/2025,Network Distribution,Demand Length Charge <10km,KVA,0.01956,,,0.01956,58327,"1,140.88",114.09,"1,254.97",N
Accounts Payable,ALINTA ENERGY,ELEC,80018045,2/4/2025,2/5/2025,89010303,80010003946,"MURDOCH DR, MURDOCH WA",1/3/2025,31/03/2025,Network Distribution,Demand Length Charge >= 10km,KVA,0.01382,,,0.01382,0,0,0,0,N
Accounts Payable,ALINTA ENERGY,ELEC,80018045,2/4/2025,2/5/2025,89010303,80010003946,"MURDOCH DR, MURDOCH WA",1/3/2025,31/03/2025,Network Other,Metering Fixed Charge,DAYS,0.17195,,,0.17195,31,5.33,0.53,5.86,N
Accounts Payable,ALINTA ENERGY,ELEC,80018045,2/4/2025,2/5/2025,89010303,80010003946,"MURDOCH DR, MURDOCH WA",1/3/2025,31/03/2025,Other,Retail Service Charge,DAYS,1.99,,,1.99,31,61.69,6.17,67.86,N
Accounts Payable,ALINTA ENERGY,ELEC,80018045,2/4/2025,2/5/2025,89010303,80010003946,"MURDOCH DR, MURDOCH WA",1/3/2025,31/03/2025,Market,Capacity Charge,,,,,,,0,0,0,N
St John of God Health Care Inc,ALINTA ENERGY,,80018049,2/4/2025,2/5/2025,,,,,,Interest,Interest Charges 11.68% 1 days,,,,,,,0.32,,0.32,N
St John of God Health Care Inc,ALINTA ENERGY,,80018049,2/4/2025,2/5/2025,,,,,,Interest,Interest Charges 11.68% 26 days,,,,,,,58.48,0,58.48,N
St John of God Health Care Inc,ALINTA ENERGY,,80018049,2/4/2025,2/5/2025,,,,,,Elect Adj Credit - Retail,Adjustment STC Binding CY25 STP 13.89% - Jan 25 & Feb 25,,,,,,,"-5,363.70",0,"-5,363.70",N
St John of God Health Care Inc,ALINTA ENERGY,,80018049,2/4/2025,2/5/2025,,,,,,Elect Adj Credit - Retail,Adjustment LGC Binding CY25 RPP 17.91% - Jan 25 & Feb 25,,,,,,,-661.92,0,-661.92,N
St John of God Health Care Inc,ALINTA ENERGY,ELEC,80018049,2/4/2025,2/5/2025,89010306,80010008763,"BUSSELL HWY, BUNBURY WA",1/3/2025,31/03/2025,Environmental,STC Charge,KWH,0.005556,1.0173,1.0021,0.005664,952671,"5,395.92",539.59,"5,935.51",N
St John of God Health Care Inc,ALINTA ENERGY,ELEC,80018049,2/4/2025,2/5/2025,89010306,80010008763,"BUSSELL HWY, BUNBURY WA",1/3/2025,31/03/2025,Environmental,LGC Charge,KWH,0.008239,1.0173,1.0021,0.008399,952671,"8,001.62",800.16,"8,801.78",N
St John of God Health Care Inc,ALINTA ENERGY,ELEC,80018049,2/4/2025,2/5/2025,89010306,80010008763,"BUSSELL HWY, BUNBURY WA",1/3/2025,31/03/2025,Market,Ancillary Charge,KWH,0.01238,1.0173,1.0021,0.012621,952671,"12,023.31","1,202.33","13,225.64",N
St John of God Health Care Inc,ALINTA ENERGY,ELEC,80018049,2/4/2025,2/5/2025,89010306,80010008763,"BUSSELL HWY, BUNBURY WA",1/3/2025,31/03/2025,Market,Market Fee,KWH,0.002938,1.0173,1.0021,0.002995,952671,"2,853.35",285.34,"3,138.69",N
St John of God Health Care Inc,ALINTA ENERGY,ELEC,80018049,2/4/2025,2/5/2025,89010306,80010008763,"BUSSELL HWY, BUNBURY WA",1/3/2025,31/03/2025,Energy,Off Peak Energy,KWH,0.0876,1.0173,1.0021,0.089303,469078,"41,889.88","4,188.99","46,078.87",N
St John of God Health Care Inc,ALINTA ENERGY,ELEC,80018049,2/4/2025,2/5/2025,89010306,80010008763,"BUSSELL HWY, BUNBURY WA",1/3/2025,31/03/2025,Energy,Peak Energy,KWH,0.0935,1.0173,1.0021,0.095317,483593,"46,094.75","4,609.48","50,704.23",N
St John of God Health Care Inc,ALINTA ENERGY,ELEC,80018049,2/4/2025,2/5/2025,89010306,80010008763,"BUSSELL HWY, BUNBURY WA",1/3/2025,31/03/2025,Network Other,Metering Service Charge M13,DAYS,0.17633,,,0.17633,31,5.47,0.55,6.02,N
St John of God Health Care Inc,ALINTA ENERGY,ELEC,80018049,2/4/2025,2/5/2025,89010306,80010008763,"BUSSELL HWY, BUNBURY WA",1/3/2025,31/03/2025,Network Transmission,Fixed Demand Charge,DAYS,246.56404,,,246.56404,31,"7,643.49",764.35,"8,407.84",N
St John of God Health Care Inc,ALINTA ENERGY,ELEC,80018049,2/4/2025,2/5/2025,89010306,80010008763,"BUSSELL HWY, BUNBURY WA",1/3/2025,31/03/2025,Network Distribution,Fixed Demand Charge,DAYS,350.94829,,,350.94829,31,"10,879.40","1,087.94","11,967.34",N
St John of God Health Care Inc,ALINTA ENERGY,ELEC,80018049,2/4/2025,2/5/2025,89010306,80010008763,"BUSSELL HWY, BUNBURY WA",1/3/2025,31/03/2025,Network Transmission,Variable Demand Charge <7k kVA,KVA,0.2016,,,0.2016,42625,"8,593.20",859.32,"9,452.52",N
St John of God Health Care Inc,ALINTA ENERGY,ELEC,80018049,2/4/2025,2/5/2025,89010306,80010008763,"BUSSELL HWY, BUNBURY WA",1/3/2025,31/03/2025,Network Transmission,Variable Demand Charge >7k kVA,KVA,0.20782,,,0.20782,0,0,0,0,N
St John of God Health Care Inc,ALINTA ENERGY,ELEC,80018049,2/4/2025,2/5/2025,89010306,80010008763,"BUSSELL HWY, BUNBURY WA",1/3/2025,31/03/2025,Network Distribution,Variable Demand Charge <7k kVA,KVA,0.14215,,,0.14215,42625,"6,059.14",605.91,"6,665.05",N
St John of God Health Care Inc,ALINTA ENERGY,ELEC,80018049,2/4/2025,2/5/2025,89010306,80010008763,"BUSSELL HWY, BUNBURY WA",1/3/2025,31/03/2025,Network Distribution,Administration Charge (<7k kVA rate),DAYS,60.7022,,,60.7022,31,"1,881.77",188.18,"2,069.95",N
St John of God Health Care Inc,ALINTA ENERGY,ELEC,80018049,2/4/2025,2/5/2025,89010306,80010008763,"BUSSELL HWY, BUNBURY WA",1/3/2025,31/03/2025,Network Distribution,Demand Length Charge <10km,KVA,0.00913,,,0.00913,239169,"2,183.61",218.36,"2,401.97",N
St John of God Health Care Inc,ALINTA ENERGY,ELEC,80018049,2/4/2025,2/5/2025,89010306,80010008763,"BUSSELL HWY, BUNBURY WA",1/3/2025,31/03/2025,Network Distribution,Demand Length Charge >= 10km,KVA,0.00631,,,0.00631,0,0,0,0,N
St John of God Health Care Inc,ALINTA ENERGY,ELEC,80018049,2/4/2025,2/5/2025,89010306,80010008763,"BUSSELL HWY, BUNBURY WA",1/3/2025,31/03/2025,Network Other,Metering Fixed Charge,DAYS,0.17195,,,0.17195,31,5.33,0.53,5.86,N
St John of God Health Care Inc,ALINTA ENERGY,ELEC,80018049,2/4/2025,2/5/2025,89010306,80010008763,"BUSSELL HWY, BUNBURY WA",1/3/2025,31/03/2025,Other,Retail Service Charge,DAYS,1.99,,,1.99,31,61.69,6.17,67.86,N
St John of God Health Care Inc,ALINTA ENERGY,ELEC,80018049,2/4/2025,2/5/2025,89010306,80010008763,"BUSSELL HWY, BUNBURY WA",1/3/2025,31/03/2025,Market,Capacity Charge,,,,,,,"32,923.82","3,292.38","36,216.20",N
St John of God Health Care Inc,ALINTA ENERGY,ELEC,80018049,2/4/2025,2/5/2025,89010306,80010008763,"BUSSELL HWY, BUNBURY WA",1/3/2025,31/03/2025,Network Transmission,Excess Network Usage Charge,KVA,1,,,1,2192,"2,192.00",219.2,"2,411.20",N
St John of God Health Care Inc,ALINTA ENERGY,ELEC,80018049,2/4/2025,2/5/2025,89010306,80010008763,"BUSSELL HWY, BUNBURY WA",1/3/2025,31/03/2025,Network Distribution,Excess Network Usage Charge,KVA,1,,,1,2582,"2,582.00",258.2,"2,840.20",N
St John of God Health Care Inc,ALINTA ENERGY,,80018050,7/4/2025,7/5/2025,,,,,,Interest,Interest Charges 11.68% 6 days,,,,,,,0.49,,0.49,N
St John of God Health Care Inc,ALINTA ENERGY,,80018050,7/4/2025,7/5/2025,,,,,,Interest,Interest Charges 11.68% 26 days,,,,,,,63.87,0,63.87,N
St John of God Health Care Inc,ALINTA ENERGY,,80018050,7/4/2025,7/5/2025,,,,,,Elect Adj Credit - Retail,Adjustment STC Binding CY25 STP 13.89% - Jan 25 & Feb 25,,,,,,,"-6,607.52",0,"-6,607.52",N
St John of God Health Care Inc,ALINTA ENERGY,,80018050,7/4/2025,7/5/2025,,,,,,Elect Adj Credit - Retail,Adjustment LGC Binding CY25 RPP 17.91% - Jan 25 & Feb 25,,,,,,,-815.4,0,-815.4,N
St John of God Health Care Inc,ALINTA ENERGY,,80018050,7/4/2025,7/5/2025,,,,,,Cash Payment,Payment received 532836 14/03/2025,,,,,,,"-211,264.20",0,"-211,264.20",N
St John of God Health Care Inc,ALINTA ENERGY,ELEC,80018050,7/4/2025,7/5/2025,89010307,80022144973,"Unit 1A/1 CLAYTON ST, MIDLAND WA",1/3/2025,31/03/2025,Environmental,STC Charge,KWH,0.005556,1.0103,1.0146,0.005695,1135035,"6,464.23",646.42,"7,110.65",N
St John of God Health Care Inc,ALINTA ENERGY,ELEC,80018050,7/4/2025,7/5/2025,89010307,80022144973,"Unit 1A/1 CLAYTON ST, MIDLAND WA",1/3/2025,31/03/2025,Environmental,LGC Charge,KWH,0.008239,1.0103,1.0146,0.008445,1135035,"9,585.81",958.58,"10,544.39",N
St John of God Health Care Inc,ALINTA ENERGY,ELEC,80018050,7/4/2025,7/5/2025,89010307,80022144973,"Unit 1A/1 CLAYTON ST, MIDLAND WA",1/3/2025,31/03/2025,Market,Ancillary Charge,KWH,0.01238,1.0103,1.0146,0.01269,1135035,"14,403.73","1,440.37","15,844.10",N
St John of God Health Care Inc,ALINTA ENERGY,ELEC,80018050,7/4/2025,7/5/2025,89010307,80022144973,"Unit 1A/1 CLAYTON ST, MIDLAND WA",1/3/2025,31/03/2025,Market,Market Fee,KWH,0.002938,1.0103,1.0146,0.003012,1135035,"3,418.27",341.83,"3,760.10",N
St John of God Health Care Inc,ALINTA ENERGY,ELEC,80018050,7/4/2025,7/5/2025,89010307,80022144973,"Unit 1A/1 CLAYTON ST, MIDLAND WA",1/3/2025,31/03/2025,Energy,Off Peak Energy,KWH,0.0876,1.0103,1.0146,0.089794,612814,"55,027.25","5,502.72","60,529.97",N
St John of God Health Care Inc,ALINTA ENERGY,ELEC,80018050,7/4/2025,7/5/2025,89010307,80022144973,"Unit 1A/1 CLAYTON ST, MIDLAND WA",1/3/2025,31/03/2025,Energy,Peak Energy,KWH,0.0935,1.0103,1.0146,0.095842,522221,"50,050.83","5,005.08","55,055.91",N
St John of God Health Care Inc,ALINTA ENERGY,ELEC,80018050,7/4/2025,7/5/2025,89010307,80022144973,"Unit 1A/1 CLAYTON ST, MIDLAND WA",1/3/2025,31/03/2025,Network Other,Metering Service Charge M13,DAYS,0.17633,,,0.17633,31,5.47,0.55,6.02,N
St John of God Health Care Inc,ALINTA ENERGY,ELEC,80018050,7/4/2025,7/5/2025,89010307,80022144973,"Unit 1A/1 CLAYTON ST, MIDLAND WA",1/3/2025,31/03/2025,Network Transmission,Fixed Demand Charge,DAYS,246.56404,,,246.56404,31,"7,643.49",764.35,"8,407.84",N
St John of God Health Care Inc,ALINTA ENERGY,ELEC,80018050,7/4/2025,7/5/2025,89010307,80022144973,"Unit 1A/1 CLAYTON ST, MIDLAND WA",1/3/2025,31/03/2025,Network Distribution,Fixed Demand Charge,DAYS,350.94829,,,350.94829,31,"10,879.40","1,087.94","11,967.34",N
St John of God Health Care Inc,ALINTA ENERGY,ELEC,80018050,7/4/2025,7/5/2025,89010307,80022144973,"Unit 1A/1 CLAYTON ST, MIDLAND WA",1/3/2025,31/03/2025,Network Transmission,Variable Demand Charge <7k kVA,KVA,0.23111,,,0.23111,46500,"10,746.62","1,074.66","11,821.28",N
St John of God Health Care Inc,ALINTA ENERGY,ELEC,80018050,7/4/2025,7/5/2025,89010307,80022144973,"Unit 1A/1 CLAYTON ST, MIDLAND WA",1/3/2025,31/03/2025,Network Transmission,Variable Demand Charge >7k kVA,KVA,0.23275,,,0.23275,0,0,0,0,N
St John of God Health Care Inc,ALINTA ENERGY,ELEC,80018050,7/4/2025,7/5/2025,89010307,80022144973,"Unit 1A/1 CLAYTON ST, MIDLAND WA",1/3/2025,31/03/2025,Network Distribution,Variable Demand Charge <7k kVA,KVA,0.02556,,,0.02556,46500,"1,188.54",118.85,"1,307.39",N
St John of God Health Care Inc,ALINTA ENERGY,ELEC,80018050,7/4/2025,7/5/2025,89010307,80022144973,"Unit 1A/1 CLAYTON ST, MIDLAND WA",1/3/2025,31/03/2025,Network Distribution,Administration Charge (<7k kVA rate),DAYS,60.7022,,,60.7022,31,"1,881.77",188.18,"2,069.95",N
St John of God Health Care Inc,ALINTA ENERGY,ELEC,80018050,7/4/2025,7/5/2025,89010307,80022144973,"Unit 1A/1 CLAYTON ST, MIDLAND WA",1/3/2025,31/03/2025,Network Distribution,Demand Length Charge <10km,KVA,0.01956,,,0.01956,72958,"1,427.06",142.71,"1,569.77",N
St John of God Health Care Inc,ALINTA ENERGY,ELEC,80018050,7/4/2025,7/5/2025,89010307,80022144973,"Unit 1A/1 CLAYTON ST, MIDLAND WA",1/3/2025,31/03/2025,Network Distribution,Demand Length Charge >= 10km,KVA,0.01382,,,0.01382,0,0,0,0,N
St John of God Health Care Inc,ALINTA ENERGY,ELEC,80018050,7/4/2025,7/5/2025,89010307,80022144973,"Unit 1A/1 CLAYTON ST, MIDLAND WA",1/3/2025,31/03/2025,Network Other,Metering Fixed Charge,DAYS,0.17195,,,0.17195,31,5.33,0.53,5.86,N
St John of God Health Care Inc,ALINTA ENERGY,ELEC,80018050,7/4/2025,7/5/2025,89010307,80022144973,"Unit 1A/1 CLAYTON ST, MIDLAND WA",1/3/2025,31/03/2025,Other,Retail Service Charge,DAYS,1.99,,,1.99,31,61.69,6.17,67.86,N
St John of God Health Care Inc,ALINTA ENERGY,ELEC,80018050,7/4/2025,7/5/2025,89010307,80022144973,"Unit 1A/1 CLAYTON ST, MIDLAND WA",1/3/2025,31/03/2025,Market,Capacity Charge,,,,,,,"36,518.09","3,651.81","40,169.90",N
Accounts Payable,ALINTA ENERGY,,80018051,2/4/2025,2/5/2025,,,,,,Elect Adj Credit - Retail,Adjustment STC Binding CY25 STP 13.89% - Jan 25 & Feb 25,,,,,,,"-6,869.30",0,"-6,869.30",N
Accounts Payable,ALINTA ENERGY,,80018051,2/4/2025,2/5/2025,,,,,,Elect Adj Credit - Retail,Adjustment LGC Binding CY25 RPP 17.91% - Jan 25 & Feb 25,,,,,,,-847.71,0,-847.71,N
Accounts Payable,ALINTA ENERGY,,80018051,2/4/2025,2/5/2025,,,,,,Cash Payment,Payment received 532834 14/03/2025,,,,,,,"-218,947.57",0,"-218,947.57",N
Accounts Payable,ALINTA ENERGY,,80018051,2/4/2025,2/5/2025,,,,,,Interest,Interest Charges 11.68% 9 days,,,,,,,1.69,0,1.69,N
Accounts Payable,ALINTA ENERGY,ELEC,80018051,2/4/2025,2/5/2025,89010308,80021742446,"Unit ELEC/MURDOCH DR, MURDOCH WA",1/3/2025,31/03/2025,Environmental,STC Charge,KWH,0.005556,1.0078,1.0146,0.005681,1211592,"6,883.16",688.32,"7,571.48",N
Accounts Payable,ALINTA ENERGY,ELEC,80018051,2/4/2025,2/5/2025,89010308,80021742446,"Unit ELEC/MURDOCH DR, MURDOCH WA",1/3/2025,31/03/2025,Environmental,LGC Charge,KWH,0.008239,1.0078,1.0146,0.008425,1211592,"10,207.05","1,020.70","11,227.75",N
Accounts Payable,ALINTA ENERGY,ELEC,80018051,2/4/2025,2/5/2025,89010308,80021742446,"Unit ELEC/MURDOCH DR, MURDOCH WA",1/3/2025,31/03/2025,Market,Ancillary Charge,KWH,0.01238,1.0078,1.0146,0.012659,1211592,"15,337.21","1,533.72","16,870.93",N
Accounts Payable,ALINTA ENERGY,ELEC,80018051,2/4/2025,2/5/2025,89010308,80021742446,"Unit ELEC/MURDOCH DR, MURDOCH WA",1/3/2025,31/03/2025,Market,Market Fee,KWH,0.002938,1.0078,1.0146,0.003004,1211592,"3,639.80",363.98,"4,003.78",N
Accounts Payable,ALINTA ENERGY,ELEC,80018051,2/4/2025,2/5/2025,89010308,80021742446,"Unit ELEC/MURDOCH DR, MURDOCH WA",1/3/2025,31/03/2025,Energy,Off Peak Energy,KWH,0.0876,1.0078,1.0146,0.089572,625401,"56,018.54","5,601.85","61,620.39",N
Accounts Payable,ALINTA ENERGY,ELEC,80018051,2/4/2025,2/5/2025,89010308,80021742446,"Unit ELEC/MURDOCH DR, MURDOCH WA",1/3/2025,31/03/2025,Energy,Peak Energy,KWH,0.0935,1.0078,1.0146,0.095605,586191,"56,042.87","5,604.29","61,647.16",N
Accounts Payable,ALINTA ENERGY,ELEC,80018051,2/4/2025,2/5/2025,89010308,80021742446,"Unit ELEC/MURDOCH DR, MURDOCH WA",1/3/2025,31/03/2025,Network Other,Metering Service Charge M13,DAYS,0.17633,,,0.17633,31,5.47,0.55,6.02,N
Accounts Payable,ALINTA ENERGY,ELEC,80018051,2/4/2025,2/5/2025,89010308,80021742446,"Unit ELEC/MURDOCH DR, MURDOCH WA",1/3/2025,31/03/2025,Network Transmission,Fixed Demand Charge,DAYS,246.56404,,,246.56404,31,"7,643.49",764.35,"8,407.84",N
Accounts Payable,ALINTA ENERGY,ELEC,80018051,2/4/2025,2/5/2025,89010308,80021742446,"Unit ELEC/MURDOCH DR, MURDOCH WA",1/3/2025,31/03/2025,Network Distribution,Fixed Demand Charge,DAYS,350.94829,,,350.94829,31,"10,879.40","1,087.94","11,967.34",N
Accounts Payable,ALINTA ENERGY,ELEC,80018051,2/4/2025,2/5/2025,89010308,80021742446,"Unit ELEC/MURDOCH DR, MURDOCH WA",1/3/2025,31/03/2025,Network Transmission,Variable Demand Charge <7k kVA,KVA,0.23111,,,0.23111,27078,"6,258.00",625.8,"6,883.80",N
Accounts Payable,ALINTA ENERGY,ELEC,80018051,2/4/2025,2/5/2025,89010308,80021742446,"Unit ELEC/MURDOCH DR, MURDOCH WA",1/3/2025,31/03/2025,Network Transmission,Variable Demand Charge >7k kVA,KVA,0.23275,,,0.23275,0,0,0,0,N
Accounts Payable,ALINTA ENERGY,ELEC,80018051,2/4/2025,2/5/2025,89010308,80021742446,"Unit ELEC/MURDOCH DR, MURDOCH WA",1/3/2025,31/03/2025,Network Distribution,Variable Demand Charge <7k kVA,KVA,0.02556,,,0.02556,27078,692.11,69.21,761.32,N
Accounts Payable,ALINTA ENERGY,ELEC,80018051,2/4/2025,2/5/2025,89010308,80021742446,"Unit ELEC/MURDOCH DR, MURDOCH WA",1/3/2025,31/03/2025,Network Distribution,Administration Charge (<7k kVA rate),DAYS,60.7022,,,60.7022,31,"1,881.77",188.18,"2,069.95",N
Accounts Payable,ALINTA ENERGY,ELEC,80018051,2/4/2025,2/5/2025,89010308,80021742446,"Unit ELEC/MURDOCH DR, MURDOCH WA",1/3/2025,31/03/2025,Network Distribution,Demand Length Charge <10km,KVA,0.01956,,,0.01956,77038,"1,506.86",150.69,"1,657.55",N
Accounts Payable,ALINTA ENERGY,ELEC,80018051,2/4/2025,2/5/2025,89010308,80021742446,"Unit ELEC/MURDOCH DR, MURDOCH WA",1/3/2025,31/03/2025,Network Distribution,Demand Length Charge >= 10km,KVA,0.01382,,,0.01382,0,0,0,0,N
Accounts Payable,ALINTA ENERGY,ELEC,80018051,2/4/2025,2/5/2025,89010308,80021742446,"Unit ELEC/MURDOCH DR, MURDOCH WA",1/3/2025,31/03/2025,Network Other,Metering Fixed Charge,DAYS,0.17195,,,0.17195,31,5.33,0.53,5.86,N
Accounts Payable,ALINTA ENERGY,ELEC,80018051,2/4/2025,2/5/2025,89010308,80021742446,"Unit ELEC/MURDOCH DR, MURDOCH WA",1/3/2025,31/03/2025,Other,Retail Service Charge,DAYS,1.99,,,1.99,31,61.69,6.17,67.86,N
Accounts Payable,ALINTA ENERGY,ELEC,80018051,2/4/2025,2/5/2025,89010308,80021742446,"Unit ELEC/MURDOCH DR, MURDOCH WA",1/3/2025,31/03/2025,Market,Capacity Charge,,,,,,,"40,047.15","4,004.72","44,051.87",N
