Start,kWh_E,kVAr,kVA,kWh_B,Nett_Export_MHSP
"01-Mar-2025 00:00:00",631.800,32.000,632.610,0.000,-631.800
"01-Mar-2025 00:30:00",624.800,30.800,625.559,0.000,-624.800
"01-Mar-2025 01:00:00",595.400,27.200,596.021,0.000,-595.400
"01-Mar-2025 01:30:00",575.200,25.400,575.761,0.000,-575.200
"01-Mar-2025 02:00:00",559.800,24.000,560.314,0.000,-559.800
"01-Mar-2025 02:30:00",550.200,22.200,550.648,0.000,-550.200
"01-Mar-2025 03:00:00",542.800,24.200,543.339,0.000,-542.800
"01-Mar-2025 03:30:00",541.400,24.200,541.941,0.000,-541.400
"01-Mar-2025 04:00:00",545.200,24.000,545.728,0.000,-545.200
"01-Mar-2025 04:30:00",601.000,27.200,601.615,0.000,-601.000
"01-Mar-2025 05:00:00",580.200,30.000,580.975,0.000,-580.200
"01-Mar-2025 05:30:00",606.800,30.600,607.571,0.000,-606.800
"01-Mar-2025 06:00:00",608.800,35.800,609.852,0.000,-608.800
"01-Mar-2025 06:30:00",642.200,43.400,643.665,0.000,-642.200
"01-Mar-2025 07:00:00",638.400,42.400,639.806,0.000,-638.400
"01-Mar-2025 07:30:00",668.200,43.400,669.608,0.000,-668.200
"01-Mar-2025 08:00:00",684.600,46.400,686.171,0.000,-684.600
"01-Mar-2025 08:30:00",696.800,42.000,698.065,0.000,-696.800
"01-Mar-2025 09:00:00",722.200,45.600,723.638,0.000,-722.200
"01-Mar-2025 09:30:00",734.600,49.400,736.259,0.000,-734.600
"01-Mar-2025 10:00:00",739.800,55.200,741.857,0.000,-739.800
"01-Mar-2025 10:30:00",735.000,51.600,736.809,0.000,-735.000
"01-Mar-2025 11:00:00",809.200,56.600,811.177,0.000,-809.200
"01-Mar-2025 11:30:00",874.800,28.800,875.274,0.000,-874.800
"01-Mar-2025 12:00:00",855.400,21.600,855.673,0.000,-855.400
"01-Mar-2025 12:30:00",827.600,15.600,827.747,0.000,-827.600
"01-Mar-2025 13:00:00",840.200,9.400,840.253,0.000,-840.200
"01-Mar-2025 13:30:00",833.800,7.000,833.829,0.000,-833.800
"01-Mar-2025 14:00:00",863.200,21.800,863.475,0.000,-863.200
"01-Mar-2025 14:30:00",881.000,27.600,881.432,0.000,-881.000
"01-Mar-2025 15:00:00",901.800,29.000,902.266,0.000,-901.800
"01-Mar-2025 15:30:00",871.000,27.800,871.444,0.000,-871.000
"01-Mar-2025 16:00:00",883.400,32.400,883.994,0.000,-883.400
"01-Mar-2025 16:30:00",894.600,33.400,895.223,0.000,-894.600
"01-Mar-2025 17:00:00",873.200,23.200,873.508,0.000,-873.200
"01-Mar-2025 17:30:00",858.600,15.600,858.742,0.000,-858.600
"01-Mar-2025 18:00:00",836.200,12.200,836.289,0.000,-836.200
"01-Mar-2025 18:30:00",846.600,13.200,846.703,0.000,-846.600
"01-Mar-2025 19:00:00",830.000,7.000,830.030,0.000,-830.000
"01-Mar-2025 19:30:00",811.800,4.400,811.812,0.000,-811.800
"01-Mar-2025 20:00:00",796.600,2.600,796.604,0.000,-796.600
"01-Mar-2025 20:30:00",727.800,39.000,728.844,0.000,-727.800
"01-Mar-2025 21:00:00",736.200,11.600,736.291,0.000,-736.200
"01-Mar-2025 21:30:00",683.400,21.200,683.729,0.000,-683.400
"01-Mar-2025 22:00:00",653.800,37.400,654.869,0.000,-653.800
"01-Mar-2025 22:30:00",631.600,35.600,632.602,0.000,-631.600
"01-Mar-2025 23:00:00",633.000,35.600,634.000,0.000,-633.000
"01-Mar-2025 23:30:00",619.600,32.400,620.447,0.000,-619.600
"02-Mar-2025 00:00:00",570.600,25.800,571.183,0.000,-570.600
"02-Mar-2025 00:30:00",545.200,23.600,545.711,0.000,-545.200
"02-Mar-2025 01:00:00",547.000,22.400,547.458,0.000,-547.000
"02-Mar-2025 01:30:00",544.800,23.400,545.302,0.000,-544.800
"02-Mar-2025 02:00:00",552.000,24.600,552.548,0.000,-552.000
"02-Mar-2025 02:30:00",559.200,26.800,559.842,0.000,-559.200
"02-Mar-2025 03:00:00",547.800,26.200,548.426,0.000,-547.800
"02-Mar-2025 03:30:00",544.800,26.600,545.449,0.000,-544.800
"02-Mar-2025 04:00:00",567.400,30.000,568.193,0.000,-567.400
"02-Mar-2025 04:30:00",607.600,31.800,608.432,0.000,-607.600
"02-Mar-2025 05:00:00",583.800,29.800,584.560,0.000,-583.800
"02-Mar-2025 05:30:00",583.600,31.600,584.455,0.000,-583.600
"02-Mar-2025 06:00:00",583.200,34.400,584.214,0.000,-583.200
"02-Mar-2025 06:30:00",630.200,42.800,631.652,0.000,-630.200
"02-Mar-2025 07:00:00",649.200,43.200,650.636,0.000,-649.200
"02-Mar-2025 07:30:00",664.000,45.800,665.578,0.000,-664.000
"02-Mar-2025 08:00:00",698.800,52.800,700.792,0.000,-698.800
"02-Mar-2025 08:30:00",701.200,53.000,703.200,0.000,-701.200
"02-Mar-2025 09:00:00",756.600,62.400,759.169,0.000,-756.600
"02-Mar-2025 09:30:00",765.800,50.200,767.444,0.000,-765.800
"02-Mar-2025 10:00:00",756.000,44.600,757.314,0.000,-756.000
"02-Mar-2025 10:30:00",833.400,21.000,833.665,0.000,-833.400
"02-Mar-2025 11:00:00",868.200,9.800,868.255,0.000,-868.200
"02-Mar-2025 11:30:00",923.600,12.800,923.689,0.000,-923.600
"02-Mar-2025 12:00:00",876.800,14.600,876.922,0.000,-876.800
"02-Mar-2025 12:30:00",874.000,11.600,874.077,0.000,-874.000
"02-Mar-2025 13:00:00",875.400,15.200,875.532,0.000,-875.400
"02-Mar-2025 13:30:00",903.000,19.000,903.200,0.000,-903.000
"02-Mar-2025 14:00:00",890.200,13.800,890.307,0.000,-890.200
"02-Mar-2025 14:30:00",948.000,15.800,948.132,0.000,-948.000
"02-Mar-2025 15:00:00",977.800,8.800,977.840,0.000,-977.800
"02-Mar-2025 15:30:00",962.800,8.400,962.837,0.000,-962.800
"02-Mar-2025 16:00:00",939.600,7.600,939.631,0.000,-939.600
"02-Mar-2025 16:30:00",918.000,21.000,918.240,0.000,-918.000
"02-Mar-2025 17:00:00",881.600,18.200,881.788,0.000,-881.600
"02-Mar-2025 17:30:00",873.400,10.000,873.457,0.000,-873.400
"02-Mar-2025 18:00:00",848.000,3.600,848.008,0.000,-848.000
"02-Mar-2025 18:30:00",859.400,3.800,859.408,0.000,-859.400
"02-Mar-2025 19:00:00",856.400,3.200,856.406,0.000,-856.400
"02-Mar-2025 19:30:00",847.600,1.400,847.601,0.000,-847.600
"02-Mar-2025 20:00:00",824.800,9.400,824.854,0.000,-824.800
"02-Mar-2025 20:30:00",808.600,13.800,808.718,0.000,-808.600
"02-Mar-2025 21:00:00",774.400,11.800,774.490,0.000,-774.400
"02-Mar-2025 21:30:00",773.200,13.000,773.309,0.000,-773.200
"02-Mar-2025 22:00:00",758.400,13.000,758.511,0.000,-758.400
"02-Mar-2025 22:30:00",718.000,10.000,718.070,0.000,-718.000
"02-Mar-2025 23:00:00",669.600,44.000,671.044,0.000,-669.600
"02-Mar-2025 23:30:00",715.400,12.400,715.507,0.000,-715.400
"03-Mar-2025 00:00:00",670.200,36.600,671.199,0.000,-670.200
"03-Mar-2025 00:30:00",714.600,25.400,715.051,0.000,-714.600
"03-Mar-2025 01:00:00",714.200,14.400,714.345,0.000,-714.200
"03-Mar-2025 01:30:00",684.800,10.200,684.876,0.000,-684.800
"03-Mar-2025 02:00:00",639.600,59.000,642.315,0.000,-639.600
"03-Mar-2025 02:30:00",665.400,15.000,665.569,0.000,-665.400
"03-Mar-2025 03:00:00",631.400,33.800,632.304,0.000,-631.400
"03-Mar-2025 03:30:00",655.800,49.200,657.643,0.000,-655.800
"03-Mar-2025 04:00:00",706.400,26.400,706.893,0.000,-706.400
"03-Mar-2025 04:30:00",750.400,19.000,750.640,0.000,-750.400
"03-Mar-2025 05:00:00",679.000,52.000,680.988,0.000,-679.000
"03-Mar-2025 05:30:00",706.400,51.200,708.253,0.000,-706.400
"03-Mar-2025 06:00:00",745.200,19.600,745.458,0.000,-745.200
"03-Mar-2025 06:30:00",751.400,26.600,751.871,0.000,-751.400
"03-Mar-2025 07:00:00",811.000,31.800,811.623,0.000,-811.000
"03-Mar-2025 07:30:00",776.800,26.600,777.255,0.000,-776.800
"03-Mar-2025 08:00:00",736.800,63.600,739.540,0.000,-736.800
"03-Mar-2025 08:30:00",805.800,26.400,806.232,0.000,-805.800
"03-Mar-2025 09:00:00",859.000,29.000,859.489,0.000,-859.000
"03-Mar-2025 09:30:00",862.000,18.400,862.196,0.000,-862.000
"03-Mar-2025 10:00:00",882.200,21.800,882.469,0.000,-882.200
"03-Mar-2025 10:30:00",858.400,20.000,858.633,0.000,-858.400
"03-Mar-2025 11:00:00",881.800,31.000,882.345,0.000,-881.800
"03-Mar-2025 11:30:00",920.000,31.200,920.529,0.000,-920.000
"03-Mar-2025 12:00:00",907.600,11.400,907.672,0.000,-907.600
"03-Mar-2025 12:30:00",870.800,10.200,870.860,0.000,-870.800
"03-Mar-2025 13:00:00",867.200,18.600,867.399,0.000,-867.200
"03-Mar-2025 13:30:00",866.800,14.600,866.923,0.000,-866.800
"03-Mar-2025 14:00:00",862.800,13.000,862.898,0.000,-862.800
"03-Mar-2025 14:30:00",857.800,17.200,857.972,0.000,-857.800
"03-Mar-2025 15:00:00",860.600,16.000,860.749,0.000,-860.600
"03-Mar-2025 15:30:00",839.200,9.600,839.255,0.000,-839.200
"03-Mar-2025 16:00:00",862.200,21.800,862.476,0.000,-862.200
"03-Mar-2025 16:30:00",885.000,25.200,885.359,0.000,-885.000
"03-Mar-2025 17:00:00",843.000,14.000,843.116,0.000,-843.000
"03-Mar-2025 17:30:00",790.800,27.200,791.268,0.000,-790.800
"03-Mar-2025 18:00:00",724.200,51.800,726.050,0.000,-724.200
"03-Mar-2025 18:30:00",754.800,33.400,755.539,0.000,-754.800
"03-Mar-2025 19:00:00",777.000,5.600,777.020,0.000,-777.000
"03-Mar-2025 19:30:00",725.000,47.400,726.548,0.000,-725.000
"03-Mar-2025 20:00:00",721.400,50.400,723.158,0.000,-721.400
"03-Mar-2025 20:30:00",709.200,49.200,710.905,0.000,-709.200
"03-Mar-2025 21:00:00",705.200,47.600,706.805,0.000,-705.200
"03-Mar-2025 21:30:00",687.400,41.800,688.670,0.000,-687.400
"03-Mar-2025 22:00:00",675.400,45.600,676.938,0.000,-675.400
"03-Mar-2025 22:30:00",678.400,46.600,679.999,0.000,-678.400
"03-Mar-2025 23:00:00",675.600,46.400,677.191,0.000,-675.600
"03-Mar-2025 23:30:00",664.000,45.200,665.537,0.000,-664.000
"04-Mar-2025 00:00:00",647.400,36.400,648.422,0.000,-647.400
"04-Mar-2025 00:30:00",654.600,40.800,655.870,0.000,-654.600
"04-Mar-2025 01:00:00",654.600,39.000,655.761,0.000,-654.600
"04-Mar-2025 01:30:00",649.000,39.800,650.219,0.000,-649.000
"04-Mar-2025 02:00:00",651.800,26.000,652.318,0.000,-651.800
"04-Mar-2025 02:30:00",578.600,17.800,578.874,0.000,-578.600
"04-Mar-2025 03:00:00",571.000,28.400,571.706,0.000,-571.000
"04-Mar-2025 03:30:00",695.800,25.200,696.256,0.000,-695.800
"04-Mar-2025 04:00:00",765.400,19.800,765.656,0.000,-765.400
"04-Mar-2025 04:30:00",724.400,21.400,724.716,0.000,-724.400
"04-Mar-2025 05:00:00",640.600,13.400,640.740,0.000,-640.600
"04-Mar-2025 05:30:00",668.600,2.800,668.606,0.000,-668.600
"04-Mar-2025 06:00:00",662.600,6.200,662.629,0.000,-662.600
"04-Mar-2025 06:30:00",693.800,49.000,695.528,0.000,-693.800
"04-Mar-2025 07:00:00",532.600,14.600,532.800,0.000,-532.600
"04-Mar-2025 07:30:00",502.600,2.600,502.607,0.000,-502.600
"04-Mar-2025 08:00:00",736.400,39.600,737.464,0.000,-736.400
"04-Mar-2025 08:30:00",818.200,60.800,820.456,0.000,-818.200
"04-Mar-2025 09:00:00",837.000,66.400,839.630,0.000,-837.000
"04-Mar-2025 09:30:00",845.800,24.000,846.140,0.000,-845.800
"04-Mar-2025 10:00:00",837.600,16.800,837.768,0.000,-837.600
"04-Mar-2025 10:30:00",852.800,18.600,853.003,0.000,-852.800
"04-Mar-2025 11:00:00",890.400,41.800,891.381,0.000,-890.400
"04-Mar-2025 11:30:00",923.000,40.600,923.893,0.000,-923.000
"04-Mar-2025 12:00:00",921.800,26.600,922.184,0.000,-921.800
"04-Mar-2025 12:30:00",863.400,37.200,864.201,0.000,-863.400
"04-Mar-2025 13:00:00",938.400,17.600,938.565,0.000,-938.400
"04-Mar-2025 13:30:00",935.400,6.600,935.423,0.000,-935.400
"04-Mar-2025 14:00:00",906.400,17.000,906.559,0.000,-906.400
"04-Mar-2025 14:30:00",913.800,0.400,913.800,0.000,-913.800
"04-Mar-2025 15:00:00",915.600,9.800,915.652,0.000,-915.600
"04-Mar-2025 15:30:00",906.000,16.800,906.156,0.000,-906.000
"04-Mar-2025 16:00:00",917.400,22.200,917.669,0.000,-917.400
"04-Mar-2025 16:30:00",908.200,28.600,908.650,0.000,-908.200
"04-Mar-2025 17:00:00",874.000,20.200,874.233,0.000,-874.000
"04-Mar-2025 17:30:00",833.800,13.400,833.908,0.000,-833.800
"04-Mar-2025 18:00:00",790.400,59.000,792.599,0.000,-790.400
"04-Mar-2025 18:30:00",771.800,49.400,773.379,0.000,-771.800
"04-Mar-2025 19:00:00",776.800,37.000,777.681,0.000,-776.800
"04-Mar-2025 19:30:00",760.400,32.600,761.098,0.000,-760.400
"04-Mar-2025 20:00:00",735.000,54.000,736.981,0.000,-735.000
"04-Mar-2025 20:30:00",694.400,54.200,696.512,0.000,-694.400
"04-Mar-2025 21:00:00",664.000,45.200,665.537,0.000,-664.000
"04-Mar-2025 21:30:00",648.800,48.800,650.633,0.000,-648.800
"04-Mar-2025 22:00:00",621.000,43.800,622.543,0.000,-621.000
"04-Mar-2025 22:30:00",598.600,40.800,599.989,0.000,-598.600
"04-Mar-2025 23:00:00",602.000,40.800,603.381,0.000,-602.000
"04-Mar-2025 23:30:00",569.200,35.800,570.325,0.000,-569.200
"05-Mar-2025 00:00:00",562.000,35.400,563.114,0.000,-562.000
"05-Mar-2025 00:30:00",557.200,35.000,558.298,0.000,-557.200
"05-Mar-2025 01:00:00",552.600,35.000,553.707,0.000,-552.600
"05-Mar-2025 01:30:00",546.000,35.000,547.121,0.000,-546.000
"05-Mar-2025 02:00:00",537.600,34.800,538.725,0.000,-537.600
"05-Mar-2025 02:30:00",536.600,35.800,537.793,0.000,-536.600
"05-Mar-2025 03:00:00",531.000,35.000,532.152,0.000,-531.000
"05-Mar-2025 03:30:00",533.600,38.200,534.966,0.000,-533.600
"05-Mar-2025 04:00:00",556.200,39.800,557.622,0.000,-556.200
"05-Mar-2025 04:30:00",554.800,39.800,556.226,0.000,-554.800
"05-Mar-2025 05:00:00",547.200,37.400,548.477,0.000,-547.200
"05-Mar-2025 05:30:00",581.400,42.600,582.959,0.000,-581.400
"05-Mar-2025 06:00:00",592.000,43.800,593.618,0.000,-592.000
"05-Mar-2025 06:30:00",626.600,54.800,628.992,0.000,-626.600
"05-Mar-2025 07:00:00",520.800,38.600,522.228,0.000,-520.800
"05-Mar-2025 07:30:00",506.000,39.400,507.532,0.000,-506.000
"05-Mar-2025 08:00:00",685.800,49.000,687.548,0.000,-685.800
"05-Mar-2025 08:30:00",762.800,38.800,763.786,0.000,-762.800
"05-Mar-2025 09:00:00",793.600,42.000,794.711,0.000,-793.600
"05-Mar-2025 09:30:00",801.200,50.000,802.759,0.000,-801.200
"05-Mar-2025 10:00:00",810.000,36.800,810.836,0.000,-810.000
"05-Mar-2025 10:30:00",786.600,42.200,787.731,0.000,-786.600
"05-Mar-2025 11:00:00",814.000,28.400,814.495,0.000,-814.000
"05-Mar-2025 11:30:00",891.200,54.200,892.847,0.000,-891.200
"05-Mar-2025 12:00:00",882.400,49.200,883.771,0.000,-882.400
"05-Mar-2025 12:30:00",871.600,42.600,872.640,0.000,-871.600
"05-Mar-2025 13:00:00",894.400,31.400,894.951,0.000,-894.400
"05-Mar-2025 13:30:00",860.600,12.800,860.695,0.000,-860.600
"05-Mar-2025 14:00:00",909.600,13.000,909.693,0.000,-909.600
"05-Mar-2025 14:30:00",912.400,20.200,912.624,0.000,-912.400
"05-Mar-2025 15:00:00",909.200,21.400,909.452,0.000,-909.200
"05-Mar-2025 15:30:00",910.400,21.600,910.656,0.000,-910.400
"05-Mar-2025 16:00:00",910.600,17.000,910.759,0.000,-910.600
"05-Mar-2025 16:30:00",939.000,22.800,939.277,0.000,-939.000
"05-Mar-2025 17:00:00",911.200,13.200,911.296,0.000,-911.200
"05-Mar-2025 17:30:00",885.800,6.400,885.823,0.000,-885.800
"05-Mar-2025 18:00:00",867.600,2.800,867.605,0.000,-867.600
"05-Mar-2025 18:30:00",834.400,8.200,834.440,0.000,-834.400
"05-Mar-2025 19:00:00",837.200,18.200,837.398,0.000,-837.200
"05-Mar-2025 19:30:00",830.800,18.200,830.999,0.000,-830.800
"05-Mar-2025 20:00:00",792.600,12.800,792.703,0.000,-792.600
"05-Mar-2025 20:30:00",737.600,10.800,737.679,0.000,-737.600
"05-Mar-2025 21:00:00",703.400,54.600,705.516,0.000,-703.400
"05-Mar-2025 21:30:00",681.400,53.600,683.505,0.000,-681.400
"05-Mar-2025 22:00:00",652.200,48.000,653.964,0.000,-652.200
"05-Mar-2025 22:30:00",649.200,48.800,651.032,0.000,-649.200
"05-Mar-2025 23:00:00",646.600,49.400,648.484,0.000,-646.600
"05-Mar-2025 23:30:00",626.000,46.600,627.732,0.000,-626.000
"06-Mar-2025 00:00:00",614.600,45.200,616.260,0.000,-614.600
"06-Mar-2025 00:30:00",614.600,44.600,616.216,0.000,-614.600
"06-Mar-2025 01:00:00",606.400,44.800,608.053,0.000,-606.400
"06-Mar-2025 01:30:00",605.600,45.200,607.284,0.000,-605.600
"06-Mar-2025 02:00:00",607.600,44.600,609.235,0.000,-607.600
"06-Mar-2025 02:30:00",587.400,41.800,588.885,0.000,-587.400
"06-Mar-2025 03:00:00",592.000,44.600,593.678,0.000,-592.000
"06-Mar-2025 03:30:00",595.000,46.200,596.791,0.000,-595.000
"06-Mar-2025 04:00:00",591.400,45.600,593.155,0.000,-591.400
"06-Mar-2025 04:30:00",632.200,50.000,634.174,0.000,-632.200
"06-Mar-2025 05:00:00",621.600,50.200,623.624,0.000,-621.600
"06-Mar-2025 05:30:00",627.600,50.200,629.604,0.000,-627.600
"06-Mar-2025 06:00:00",648.000,57.600,650.555,0.000,-648.000
"06-Mar-2025 06:30:00",627.800,58.200,630.492,0.000,-627.800
"06-Mar-2025 07:00:00",506.400,45.600,508.449,0.000,-506.400
"06-Mar-2025 07:30:00",613.600,48.000,615.475,0.000,-613.600
"06-Mar-2025 08:00:00",811.400,70.600,814.466,0.000,-811.400
"06-Mar-2025 08:30:00",887.200,43.200,888.251,0.000,-887.200
"06-Mar-2025 09:00:00",933.000,31.400,933.528,0.000,-933.000
"06-Mar-2025 09:30:00",974.800,30.000,975.262,0.000,-974.800
"06-Mar-2025 10:00:00",986.600,7.600,986.629,0.000,-986.600
"06-Mar-2025 10:30:00",1013.200,6.800,1013.223,0.000,-1013.200
"06-Mar-2025 11:00:00",1047.200,13.200,1047.283,0.000,-1047.200
"06-Mar-2025 11:30:00",1073.200,18.600,1073.361,0.000,-1073.200
"06-Mar-2025 12:00:00",1091.200,15.600,1091.312,0.000,-1091.200
"06-Mar-2025 12:30:00",1076.400,17.800,1076.547,0.000,-1076.400
"06-Mar-2025 13:00:00",1069.600,19.600,1069.780,0.000,-1069.600
"06-Mar-2025 13:30:00",1085.800,23.200,1086.048,0.000,-1085.800
"06-Mar-2025 14:00:00",1068.600,18.200,1068.755,0.000,-1068.600
"06-Mar-2025 14:30:00",1080.800,14.400,1080.896,0.000,-1080.800
"06-Mar-2025 15:00:00",1074.600,23.400,1074.855,0.000,-1074.600
"06-Mar-2025 15:30:00",1055.400,20.200,1055.593,0.000,-1055.400
"06-Mar-2025 16:00:00",1073.800,15.800,1073.916,0.000,-1073.800
"06-Mar-2025 16:30:00",1072.400,25.000,1072.691,0.000,-1072.400
"06-Mar-2025 17:00:00",1026.600,17.200,1026.744,0.000,-1026.600
"06-Mar-2025 17:30:00",985.200,31.000,985.688,0.000,-985.200
"06-Mar-2025 18:00:00",957.200,20.200,957.413,0.000,-957.200
"06-Mar-2025 18:30:00",935.000,19.800,935.210,0.000,-935.000
"06-Mar-2025 19:00:00",952.200,19.800,952.406,0.000,-952.200
"06-Mar-2025 19:30:00",926.400,19.800,926.612,0.000,-926.400
"06-Mar-2025 20:00:00",872.800,24.800,873.152,0.000,-872.800
"06-Mar-2025 20:30:00",832.800,31.200,833.384,0.000,-832.800
"06-Mar-2025 21:00:00",821.000,13.400,821.109,0.000,-821.000
"06-Mar-2025 21:30:00",800.400,4.600,800.413,0.000,-800.400
"06-Mar-2025 22:00:00",766.800,22.400,767.127,0.000,-766.800
"06-Mar-2025 22:30:00",722.200,19.400,722.461,0.000,-722.200
"06-Mar-2025 23:00:00",689.600,42.400,690.902,0.000,-689.600
"06-Mar-2025 23:30:00",703.400,2.200,703.403,0.000,-703.400
"07-Mar-2025 00:00:00",652.200,27.800,652.792,0.000,-652.200
"07-Mar-2025 00:30:00",709.600,14.600,709.750,0.000,-709.600
"07-Mar-2025 01:00:00",717.000,0.400,717.000,0.000,-717.000
"07-Mar-2025 01:30:00",663.400,9.400,663.467,0.000,-663.400
"07-Mar-2025 02:00:00",643.600,14.400,643.761,0.000,-643.600
"07-Mar-2025 02:30:00",627.400,36.600,628.467,0.000,-627.400
"07-Mar-2025 03:00:00",629.000,38.800,630.196,0.000,-629.000
"07-Mar-2025 03:30:00",620.200,39.000,621.425,0.000,-620.200
"07-Mar-2025 04:00:00",629.800,40.800,631.120,0.000,-629.800
"07-Mar-2025 04:30:00",649.000,42.400,650.384,0.000,-649.000
"07-Mar-2025 05:00:00",666.000,44.000,667.452,0.000,-666.000
"07-Mar-2025 05:30:00",663.400,45.200,664.938,0.000,-663.400
"07-Mar-2025 06:00:00",718.200,46.200,719.684,0.000,-718.200
"07-Mar-2025 06:30:00",746.600,62.000,749.170,0.000,-746.600
"07-Mar-2025 07:00:00",808.600,64.200,811.145,0.000,-808.600
"07-Mar-2025 07:30:00",902.600,53.000,904.155,0.000,-902.600
"07-Mar-2025 08:00:00",953.400,14.400,953.509,0.000,-953.400
"07-Mar-2025 08:30:00",1012.400,7.200,1012.426,0.000,-1012.400
"07-Mar-2025 09:00:00",1090.800,4.000,1090.807,0.000,-1090.800
"07-Mar-2025 09:30:00",1072.800,5.800,1072.816,0.000,-1072.800
"07-Mar-2025 10:00:00",1081.600,10.400,1081.650,0.000,-1081.600
"07-Mar-2025 10:30:00",1108.200,40.000,1108.922,0.000,-1108.200
"07-Mar-2025 11:00:00",1130.800,25.400,1131.085,0.000,-1130.800
"07-Mar-2025 11:30:00",1135.000,28.200,1135.350,0.000,-1135.000
"07-Mar-2025 12:00:00",1104.800,28.000,1105.155,0.000,-1104.800
"07-Mar-2025 12:30:00",1089.600,6.400,1089.619,0.000,-1089.600
"07-Mar-2025 13:00:00",1085.000,25.400,1085.297,0.000,-1085.000
"07-Mar-2025 13:30:00",1076.200,14.800,1076.302,0.000,-1076.200
"07-Mar-2025 14:00:00",1064.400,25.200,1064.698,0.000,-1064.400
"07-Mar-2025 14:30:00",1049.800,20.800,1050.006,0.000,-1049.800
"07-Mar-2025 15:00:00",1041.200,31.600,1041.679,0.000,-1041.200
"07-Mar-2025 15:30:00",1048.400,29.600,1048.818,0.000,-1048.400
"07-Mar-2025 16:00:00",1038.200,34.000,1038.757,0.000,-1038.200
"07-Mar-2025 16:30:00",1054.600,37.800,1055.277,0.000,-1054.600
"07-Mar-2025 17:00:00",1018.000,22.400,1018.246,0.000,-1018.000
"07-Mar-2025 17:30:00",974.200,19.000,974.385,0.000,-974.200
"07-Mar-2025 18:00:00",911.000,12.800,911.090,0.000,-911.000
"07-Mar-2025 18:30:00",906.000,8.400,906.039,0.000,-906.000
"07-Mar-2025 19:00:00",890.200,30.200,890.712,0.000,-890.200
"07-Mar-2025 19:30:00",881.600,26.200,881.989,0.000,-881.600
"07-Mar-2025 20:00:00",881.400,21.600,881.665,0.000,-881.400
"07-Mar-2025 20:30:00",827.800,21.200,828.071,0.000,-827.800
"07-Mar-2025 21:00:00",811.000,14.600,811.131,0.000,-811.000
"07-Mar-2025 21:30:00",798.600,12.200,798.693,0.000,-798.600
"07-Mar-2025 22:00:00",768.400,10.400,768.470,0.000,-768.400
"07-Mar-2025 22:30:00",754.400,6.200,754.425,0.000,-754.400
"07-Mar-2025 23:00:00",742.000,9.000,742.055,0.000,-742.000
"07-Mar-2025 23:30:00",704.400,16.800,704.600,0.000,-704.400
"08-Mar-2025 00:00:00",681.400,44.400,682.845,0.000,-681.400
"08-Mar-2025 00:30:00",734.600,9.600,734.663,0.000,-734.600
"08-Mar-2025 01:00:00",697.800,19.400,698.070,0.000,-697.800
"08-Mar-2025 01:30:00",662.800,33.800,663.661,0.000,-662.800
"08-Mar-2025 02:00:00",668.600,21.400,668.942,0.000,-668.600
"08-Mar-2025 02:30:00",636.200,17.000,636.427,0.000,-636.200
"08-Mar-2025 03:00:00",639.000,40.800,640.301,0.000,-639.000
"08-Mar-2025 03:30:00",629.000,39.600,630.245,0.000,-629.000
"08-Mar-2025 04:00:00",618.600,37.400,619.730,0.000,-618.600
"08-Mar-2025 04:30:00",654.200,35.400,655.157,0.000,-654.200
"08-Mar-2025 05:00:00",630.600,38.000,631.744,0.000,-630.600
"08-Mar-2025 05:30:00",639.400,36.400,640.435,0.000,-639.400
"08-Mar-2025 06:00:00",658.200,46.200,659.819,0.000,-658.200
"08-Mar-2025 06:30:00",673.600,53.400,675.713,0.000,-673.600
"08-Mar-2025 07:00:00",709.000,59.600,711.501,0.000,-709.000
"08-Mar-2025 07:30:00",729.000,62.200,731.649,0.000,-729.000
"08-Mar-2025 08:00:00",747.400,59.400,749.757,0.000,-747.400
"08-Mar-2025 08:30:00",732.000,55.600,734.109,0.000,-732.000
"08-Mar-2025 09:00:00",780.400,10.000,780.464,0.000,-780.400
"08-Mar-2025 09:30:00",794.800,13.000,794.906,0.000,-794.800
"08-Mar-2025 10:00:00",772.200,43.600,773.430,0.000,-772.200
"08-Mar-2025 10:30:00",755.800,66.400,758.711,0.000,-755.800
"08-Mar-2025 11:00:00",818.200,29.600,818.735,0.000,-818.200
"08-Mar-2025 11:30:00",855.200,37.200,856.009,0.000,-855.200
"08-Mar-2025 12:00:00",822.400,28.200,822.883,0.000,-822.400
"08-Mar-2025 12:30:00",769.200,42.400,770.368,0.000,-769.200
"08-Mar-2025 13:00:00",808.600,41.800,809.680,0.000,-808.600
"08-Mar-2025 13:30:00",798.000,17.800,798.198,0.000,-798.000
"08-Mar-2025 14:00:00",827.400,22.600,827.709,0.000,-827.400
"08-Mar-2025 14:30:00",826.400,18.000,826.596,0.000,-826.400
"08-Mar-2025 15:00:00",818.400,16.600,818.568,0.000,-818.400
"08-Mar-2025 15:30:00",827.400,19.800,827.637,0.000,-827.400
"08-Mar-2025 16:00:00",870.600,36.400,871.361,0.000,-870.600
"08-Mar-2025 16:30:00",879.000,34.200,879.665,0.000,-879.000
"08-Mar-2025 17:00:00",822.200,21.600,822.484,0.000,-822.200
"08-Mar-2025 17:30:00",810.000,15.400,810.146,0.000,-810.000
"08-Mar-2025 18:00:00",764.000,11.400,764.085,0.000,-764.000
"08-Mar-2025 18:30:00",745.400,55.000,747.426,0.000,-745.400
"08-Mar-2025 19:00:00",722.000,40.000,723.107,0.000,-722.000
"08-Mar-2025 19:30:00",709.400,40.800,710.572,0.000,-709.400
"08-Mar-2025 20:00:00",703.000,38.200,704.037,0.000,-703.000
"08-Mar-2025 20:30:00",674.200,38.800,675.316,0.000,-674.200
"08-Mar-2025 21:00:00",656.800,36.800,657.830,0.000,-656.800
"08-Mar-2025 21:30:00",626.600,32.400,627.437,0.000,-626.600
"08-Mar-2025 22:00:00",605.000,30.000,605.743,0.000,-605.000
"08-Mar-2025 22:30:00",588.400,28.600,589.095,0.000,-588.400
"08-Mar-2025 23:00:00",570.200,45.800,572.036,0.000,-570.200
"08-Mar-2025 23:30:00",567.200,51.200,569.506,0.000,-567.200
"09-Mar-2025 00:00:00",562.000,51.200,564.327,0.000,-562.000
"09-Mar-2025 00:30:00",556.000,51.200,558.352,0.000,-556.000
"09-Mar-2025 01:00:00",551.400,49.600,553.626,0.000,-551.400
"09-Mar-2025 01:30:00",544.200,48.800,546.384,0.000,-544.200
"09-Mar-2025 02:00:00",549.200,49.200,551.399,0.000,-549.200
"09-Mar-2025 02:30:00",545.600,47.800,547.690,0.000,-545.600
"09-Mar-2025 03:00:00",545.600,50.400,547.923,0.000,-545.600
"09-Mar-2025 03:30:00",545.600,52.400,548.110,0.000,-545.600
"09-Mar-2025 04:00:00",540.400,51.600,542.858,0.000,-540.400
"09-Mar-2025 04:30:00",573.400,51.600,575.717,0.000,-573.400
"09-Mar-2025 05:00:00",575.400,51.000,577.656,0.000,-575.400
"09-Mar-2025 05:30:00",572.800,52.400,575.192,0.000,-572.800
"09-Mar-2025 06:00:00",569.800,54.600,572.410,0.000,-569.800
"09-Mar-2025 06:30:00",589.200,63.800,592.644,0.000,-589.200
"09-Mar-2025 07:00:00",612.800,61.200,615.848,0.000,-612.800
"09-Mar-2025 07:30:00",615.000,58.200,617.748,0.000,-615.000
"09-Mar-2025 08:00:00",631.600,67.200,635.165,0.000,-631.600
"09-Mar-2025 08:30:00",633.400,54.000,635.698,0.000,-633.400
"09-Mar-2025 09:00:00",635.600,44.200,637.135,0.000,-635.600
"09-Mar-2025 09:30:00",654.400,38.200,655.514,0.000,-654.400
"09-Mar-2025 10:00:00",647.600,47.000,649.303,0.000,-647.600
"09-Mar-2025 10:30:00",662.400,46.200,664.009,0.000,-662.400
"09-Mar-2025 11:00:00",673.600,49.800,675.438,0.000,-673.600
"09-Mar-2025 11:30:00",716.600,61.200,719.209,0.000,-716.600
"09-Mar-2025 12:00:00",696.200,56.400,698.481,0.000,-696.200
"09-Mar-2025 12:30:00",699.600,57.400,701.951,0.000,-699.600
"09-Mar-2025 13:00:00",707.200,57.200,709.509,0.000,-707.200
"09-Mar-2025 13:30:00",710.600,54.000,712.649,0.000,-710.600
"09-Mar-2025 14:00:00",703.800,55.000,705.946,0.000,-703.800
"09-Mar-2025 14:30:00",708.200,53.800,710.241,0.000,-708.200
"09-Mar-2025 15:00:00",736.400,59.000,738.760,0.000,-736.400
"09-Mar-2025 15:30:00",712.200,49.000,713.884,0.000,-712.200
"09-Mar-2025 16:00:00",740.600,52.400,742.451,0.000,-740.600
"09-Mar-2025 16:30:00",755.000,55.000,757.001,0.000,-755.000
"09-Mar-2025 17:00:00",733.400,47.800,734.956,0.000,-733.400
"09-Mar-2025 17:30:00",724.400,40.200,725.515,0.000,-724.400
"09-Mar-2025 18:00:00",669.400,38.400,670.500,0.000,-669.400
"09-Mar-2025 18:30:00",688.600,46.200,690.148,0.000,-688.600
"09-Mar-2025 19:00:00",687.000,42.800,688.332,0.000,-687.000
"09-Mar-2025 19:30:00",670.000,41.200,671.266,0.000,-670.000
"09-Mar-2025 20:00:00",681.200,41.800,682.481,0.000,-681.200
"09-Mar-2025 20:30:00",644.200,37.200,645.273,0.000,-644.200
"09-Mar-2025 21:00:00",626.400,34.400,627.344,0.000,-626.400
"09-Mar-2025 21:30:00",617.600,33.800,618.524,0.000,-617.600
"09-Mar-2025 22:00:00",594.600,32.000,595.460,0.000,-594.600
"09-Mar-2025 22:30:00",574.200,28.800,574.922,0.000,-574.200
"09-Mar-2025 23:00:00",565.600,28.000,566.293,0.000,-565.600
"09-Mar-2025 23:30:00",562.200,31.200,563.065,0.000,-562.200
"10-Mar-2025 00:00:00",562.600,58.200,565.602,0.000,-562.600
"10-Mar-2025 00:30:00",561.600,57.400,564.526,0.000,-561.600
"10-Mar-2025 01:00:00",562.000,58.800,565.068,0.000,-562.000
"10-Mar-2025 01:30:00",568.200,60.200,571.380,0.000,-568.200
"10-Mar-2025 02:00:00",560.000,58.800,563.079,0.000,-560.000
"10-Mar-2025 02:30:00",558.000,59.200,561.132,0.000,-558.000
"10-Mar-2025 03:00:00",558.600,60.400,561.856,0.000,-558.600
"10-Mar-2025 03:30:00",550.600,60.200,553.881,0.000,-550.600
"10-Mar-2025 04:00:00",554.400,60.200,557.659,0.000,-554.400
"10-Mar-2025 04:30:00",604.400,65.000,607.885,0.000,-604.400
"10-Mar-2025 05:00:00",587.200,62.200,590.485,0.000,-587.200
"10-Mar-2025 05:30:00",608.200,63.600,611.516,0.000,-608.200
"10-Mar-2025 06:00:00",604.800,66.000,608.391,0.000,-604.800
"10-Mar-2025 06:30:00",643.200,55.200,645.564,0.000,-643.200
"10-Mar-2025 07:00:00",693.200,56.200,695.474,0.000,-693.200
"10-Mar-2025 07:30:00",739.800,57.200,742.008,0.000,-739.800
"10-Mar-2025 08:00:00",759.600,62.400,762.159,0.000,-759.600
"10-Mar-2025 08:30:00",785.400,65.000,788.085,0.000,-785.400
"10-Mar-2025 09:00:00",795.000,56.200,796.984,0.000,-795.000
"10-Mar-2025 09:30:00",830.600,52.000,832.226,0.000,-830.600
"10-Mar-2025 10:00:00",859.800,37.600,860.622,0.000,-859.800
"10-Mar-2025 10:30:00",835.600,48.000,836.978,0.000,-835.600
"10-Mar-2025 11:00:00",896.000,54.000,897.626,0.000,-896.000
"10-Mar-2025 11:30:00",932.000,29.000,932.451,0.000,-932.000
"10-Mar-2025 12:00:00",933.400,11.800,933.475,0.000,-933.400
"10-Mar-2025 12:30:00",932.400,10.800,932.463,0.000,-932.400
"10-Mar-2025 13:00:00",884.200,25.600,884.571,0.000,-884.200
"10-Mar-2025 13:30:00",853.400,46.000,854.639,0.000,-853.400
"10-Mar-2025 14:00:00",916.600,4.000,916.609,0.000,-916.600
"10-Mar-2025 14:30:00",894.400,7.600,894.432,0.000,-894.400
"10-Mar-2025 15:00:00",900.800,13.600,900.903,0.000,-900.800
"10-Mar-2025 15:30:00",884.600,16.400,884.752,0.000,-884.600
"10-Mar-2025 16:00:00",915.800,23.400,916.099,0.000,-915.800
"10-Mar-2025 16:30:00",927.800,18.200,927.978,0.000,-927.800
"10-Mar-2025 17:00:00",899.800,19.800,900.018,0.000,-899.800
"10-Mar-2025 17:30:00",901.600,11.200,901.670,0.000,-901.600
"10-Mar-2025 18:00:00",877.800,8.200,877.838,0.000,-877.800
"10-Mar-2025 18:30:00",870.400,7.000,870.428,0.000,-870.400
"10-Mar-2025 19:00:00",872.200,1.600,872.201,0.000,-872.200
"10-Mar-2025 19:30:00",806.800,33.000,807.475,0.000,-806.800
"10-Mar-2025 20:00:00",827.800,24.000,828.148,0.000,-827.800
"10-Mar-2025 20:30:00",768.400,10.800,768.476,0.000,-768.400
"10-Mar-2025 21:00:00",726.800,34.400,727.614,0.000,-726.800
"10-Mar-2025 21:30:00",730.800,23.200,731.168,0.000,-730.800
"10-Mar-2025 22:00:00",670.600,20.800,670.922,0.000,-670.600
"10-Mar-2025 22:30:00",652.600,41.600,653.925,0.000,-652.600
"10-Mar-2025 23:00:00",634.000,39.200,635.211,0.000,-634.000
"10-Mar-2025 23:30:00",610.600,37.200,611.732,0.000,-610.600
"11-Mar-2025 00:00:00",571.800,27.200,572.447,0.000,-571.800
"11-Mar-2025 00:30:00",572.200,27.000,572.837,0.000,-572.200
"11-Mar-2025 01:00:00",575.600,28.000,576.281,0.000,-575.600
"11-Mar-2025 01:30:00",575.800,28.800,576.520,0.000,-575.800
"11-Mar-2025 02:00:00",582.800,28.200,583.482,0.000,-582.800
"11-Mar-2025 02:30:00",587.400,30.600,588.196,0.000,-587.400
"11-Mar-2025 03:00:00",586.800,46.800,588.663,0.000,-586.800
"11-Mar-2025 03:30:00",584.000,60.000,587.074,0.000,-584.000
"11-Mar-2025 04:00:00",616.400,61.600,619.470,0.000,-616.400
"11-Mar-2025 04:30:00",592.600,60.800,595.711,0.000,-592.600
"11-Mar-2025 05:00:00",591.000,58.600,593.898,0.000,-591.000
"11-Mar-2025 05:30:00",607.800,62.800,611.036,0.000,-607.800
"11-Mar-2025 06:00:00",629.000,68.600,632.730,0.000,-629.000
"11-Mar-2025 06:30:00",637.800,71.000,641.740,0.000,-637.800
"11-Mar-2025 07:00:00",388.400,6.200,388.449,0.000,-388.400
"11-Mar-2025 07:30:00",424.600,14.800,424.858,0.000,-424.600
"11-Mar-2025 08:00:00",775.200,34.800,775.981,0.000,-775.200
"11-Mar-2025 08:30:00",805.000,53.200,806.756,0.000,-805.000
"11-Mar-2025 09:00:00",840.400,47.600,841.747,0.000,-840.400
"11-Mar-2025 09:30:00",855.200,64.400,857.621,0.000,-855.200
"11-Mar-2025 10:00:00",949.400,80.200,952.781,0.000,-949.400
"11-Mar-2025 10:30:00",942.400,62.600,944.477,0.000,-942.400
"11-Mar-2025 11:00:00",998.600,80.000,1001.799,0.000,-998.600
"11-Mar-2025 11:30:00",1004.200,81.000,1007.461,0.000,-1004.200
"11-Mar-2025 12:00:00",1034.200,88.200,1037.954,0.000,-1034.200
"11-Mar-2025 12:30:00",1002.200,80.800,1005.452,0.000,-1002.200
"11-Mar-2025 13:00:00",999.600,80.800,1002.860,0.000,-999.600
"11-Mar-2025 13:30:00",1008.200,82.400,1011.562,0.000,-1008.200
"11-Mar-2025 14:00:00",1035.400,92.800,1039.550,0.000,-1035.400
"11-Mar-2025 14:30:00",1045.000,122.800,1052.190,0.000,-1045.000
"11-Mar-2025 15:00:00",1060.000,137.200,1068.842,0.000,-1060.000
"11-Mar-2025 15:30:00",1058.000,130.200,1065.981,0.000,-1058.000
"11-Mar-2025 16:00:00",1081.600,126.600,1088.984,0.000,-1081.600
"11-Mar-2025 16:30:00",1050.200,132.200,1058.488,0.000,-1050.200
"11-Mar-2025 17:00:00",1003.800,128.400,1011.979,0.000,-1003.800
"11-Mar-2025 17:30:00",977.400,114.800,984.119,0.000,-977.400
"11-Mar-2025 18:00:00",965.600,113.600,972.259,0.000,-965.600
"11-Mar-2025 18:30:00",916.600,98.000,921.824,0.000,-916.600
"11-Mar-2025 19:00:00",946.600,98.000,951.659,0.000,-946.600
"11-Mar-2025 19:30:00",924.200,93.600,928.928,0.000,-924.200
"11-Mar-2025 20:00:00",894.000,90.600,898.579,0.000,-894.000
"11-Mar-2025 20:30:00",864.200,85.800,868.449,0.000,-864.200
"11-Mar-2025 21:00:00",821.200,70.800,824.246,0.000,-821.200
"11-Mar-2025 21:30:00",807.200,70.200,810.247,0.000,-807.200
"11-Mar-2025 22:00:00",721.800,56.800,724.031,0.000,-721.800
"11-Mar-2025 22:30:00",710.800,75.200,714.767,0.000,-710.800
"11-Mar-2025 23:00:00",721.200,79.600,725.579,0.000,-721.200
"11-Mar-2025 23:30:00",672.600,70.200,676.254,0.000,-672.600
"12-Mar-2025 00:00:00",714.200,80.400,718.711,0.000,-714.200
"12-Mar-2025 00:30:00",721.600,82.200,726.267,0.000,-721.600
"12-Mar-2025 01:00:00",656.800,69.400,660.456,0.000,-656.800
"12-Mar-2025 01:30:00",634.800,64.600,638.079,0.000,-634.800
"12-Mar-2025 02:00:00",645.000,65.400,648.307,0.000,-645.000
"12-Mar-2025 02:30:00",644.200,66.000,647.572,0.000,-644.200
"12-Mar-2025 03:00:00",639.600,66.200,643.017,0.000,-639.600
"12-Mar-2025 03:30:00",644.800,70.400,648.632,0.000,-644.800
"12-Mar-2025 04:00:00",636.200,68.400,639.866,0.000,-636.200
"12-Mar-2025 04:30:00",690.800,74.800,694.838,0.000,-690.800
"12-Mar-2025 05:00:00",671.400,73.800,675.444,0.000,-671.400
"12-Mar-2025 05:30:00",702.200,71.400,705.821,0.000,-702.200
"12-Mar-2025 06:00:00",720.600,80.800,725.116,0.000,-720.600
"12-Mar-2025 06:30:00",753.600,82.800,758.135,0.000,-753.600
"12-Mar-2025 07:00:00",495.000,25.200,495.641,0.000,-495.000
"12-Mar-2025 07:30:00",541.800,21.600,542.230,0.000,-541.800
"12-Mar-2025 08:00:00",980.400,98.200,985.306,0.000,-980.400
"12-Mar-2025 08:30:00",944.600,62.000,946.633,0.000,-944.600
"12-Mar-2025 09:00:00",991.600,59.800,993.402,0.000,-991.600
"12-Mar-2025 09:30:00",999.200,65.400,1001.338,0.000,-999.200
"12-Mar-2025 10:00:00",1002.200,63.800,1004.229,0.000,-1002.200
"12-Mar-2025 10:30:00",994.000,77.200,996.993,0.000,-994.000
"12-Mar-2025 11:00:00",1002.600,84.000,1006.113,0.000,-1002.600
"12-Mar-2025 11:30:00",1025.000,85.600,1028.568,0.000,-1025.000
"12-Mar-2025 12:00:00",1018.000,81.200,1021.233,0.000,-1018.000
"12-Mar-2025 12:30:00",1071.000,131.400,1079.031,0.000,-1071.000
"12-Mar-2025 13:00:00",1017.000,116.600,1023.662,0.000,-1017.000
"12-Mar-2025 13:30:00",1023.600,108.600,1029.345,0.000,-1023.600
"12-Mar-2025 14:00:00",1008.000,101.000,1013.047,0.000,-1008.000
"12-Mar-2025 14:30:00",985.200,96.000,989.866,0.000,-985.200
"12-Mar-2025 15:00:00",977.600,101.400,982.845,0.000,-977.600
"12-Mar-2025 15:30:00",992.400,82.000,995.782,0.000,-992.400
"12-Mar-2025 16:00:00",1003.400,87.400,1007.199,0.000,-1003.400
"12-Mar-2025 16:30:00",981.000,99.400,986.023,0.000,-981.000
"12-Mar-2025 17:00:00",935.400,83.000,939.075,0.000,-935.400
"12-Mar-2025 17:30:00",928.400,92.400,932.987,0.000,-928.400
"12-Mar-2025 18:00:00",900.600,81.000,904.235,0.000,-900.600
"12-Mar-2025 18:30:00",888.000,66.400,890.479,0.000,-888.000
"12-Mar-2025 19:00:00",883.800,68.400,886.443,0.000,-883.800
"12-Mar-2025 19:30:00",865.600,75.600,868.895,0.000,-865.600
"12-Mar-2025 20:00:00",860.400,79.400,864.056,0.000,-860.400
"12-Mar-2025 20:30:00",821.400,68.200,824.226,0.000,-821.400
"12-Mar-2025 21:00:00",786.800,62.000,789.239,0.000,-786.800
"12-Mar-2025 21:30:00",709.200,38.000,710.217,0.000,-709.200
"12-Mar-2025 22:00:00",736.800,50.800,738.549,0.000,-736.800
"12-Mar-2025 22:30:00",696.600,44.600,698.026,0.000,-696.600
"12-Mar-2025 23:00:00",691.200,45.200,692.676,0.000,-691.200
"12-Mar-2025 23:30:00",695.000,47.000,696.587,0.000,-695.000
"13-Mar-2025 00:00:00",652.000,37.000,653.049,0.000,-652.000
"13-Mar-2025 00:30:00",677.600,44.800,679.079,0.000,-677.600
"13-Mar-2025 01:00:00",638.800,38.800,639.977,0.000,-638.800
"13-Mar-2025 01:30:00",637.600,37.200,638.684,0.000,-637.600
"13-Mar-2025 02:00:00",633.400,38.200,634.551,0.000,-633.400
"13-Mar-2025 02:30:00",631.600,38.000,632.742,0.000,-631.600
"13-Mar-2025 03:00:00",625.400,38.200,626.566,0.000,-625.400
"13-Mar-2025 03:30:00",621.800,39.200,623.034,0.000,-621.800
"13-Mar-2025 04:00:00",635.800,40.200,637.070,0.000,-635.800
"13-Mar-2025 04:30:00",683.800,42.600,685.126,0.000,-683.800
"13-Mar-2025 05:00:00",646.600,40.200,647.848,0.000,-646.600
"13-Mar-2025 05:30:00",673.800,38.800,674.916,0.000,-673.800
"13-Mar-2025 06:00:00",700.600,43.400,701.943,0.000,-700.600
"13-Mar-2025 06:30:00",693.800,60.200,696.407,0.000,-693.800
"13-Mar-2025 07:00:00",498.400,26.400,499.099,0.000,-498.400
"13-Mar-2025 07:30:00",577.600,17.800,577.874,0.000,-577.600
"13-Mar-2025 08:00:00",862.400,30.000,862.922,0.000,-862.400
"13-Mar-2025 08:30:00",927.400,65.200,929.689,0.000,-927.400
"13-Mar-2025 09:00:00",953.600,68.800,956.079,0.000,-953.600
"13-Mar-2025 09:30:00",966.400,70.400,968.961,0.000,-966.400
"13-Mar-2025 10:00:00",981.800,73.800,984.570,0.000,-981.800
"13-Mar-2025 10:30:00",977.600,75.800,980.534,0.000,-977.600
"13-Mar-2025 11:00:00",1011.200,84.600,1014.733,0.000,-1011.200
"13-Mar-2025 11:30:00",1045.800,116.400,1052.258,0.000,-1045.800
"13-Mar-2025 12:00:00",1018.800,112.000,1024.938,0.000,-1018.800
"13-Mar-2025 12:30:00",1009.400,106.200,1014.971,0.000,-1009.400
"13-Mar-2025 13:00:00",1013.800,111.200,1019.880,0.000,-1013.800
"13-Mar-2025 13:30:00",888.600,72.400,891.545,0.000,-888.600
"13-Mar-2025 14:00:00",791.800,7.200,791.833,0.000,-791.800
"13-Mar-2025 14:30:00",965.200,47.000,966.344,0.000,-965.200
"13-Mar-2025 15:00:00",977.400,99.400,982.441,0.000,-977.400
"13-Mar-2025 15:30:00",951.400,90.800,955.723,0.000,-951.400
"13-Mar-2025 16:00:00",955.000,92.600,959.479,0.000,-955.000
"13-Mar-2025 16:30:00",980.600,106.200,986.334,0.000,-980.600
"13-Mar-2025 17:00:00",933.600,81.200,937.125,0.000,-933.600
"13-Mar-2025 17:30:00",905.000,62.200,907.135,0.000,-905.000
"13-Mar-2025 18:00:00",847.400,90.000,852.166,0.000,-847.400
"13-Mar-2025 18:30:00",852.600,72.000,855.635,0.000,-852.600
"13-Mar-2025 19:00:00",842.800,77.800,846.383,0.000,-842.800
"13-Mar-2025 19:30:00",817.000,56.200,818.931,0.000,-817.000
"13-Mar-2025 20:00:00",786.400,48.400,787.888,0.000,-786.400
"13-Mar-2025 20:30:00",735.000,61.000,737.527,0.000,-735.000
"13-Mar-2025 21:00:00",714.600,62.000,717.285,0.000,-714.600
"13-Mar-2025 21:30:00",690.800,68.000,694.139,0.000,-690.800
"13-Mar-2025 22:00:00",687.200,67.800,690.537,0.000,-687.200
"13-Mar-2025 22:30:00",670.000,66.800,673.322,0.000,-670.000
"13-Mar-2025 23:00:00",668.000,68.600,671.513,0.000,-668.000
"13-Mar-2025 23:30:00",666.400,65.800,669.641,0.000,-666.400
"14-Mar-2025 00:00:00",655.000,69.000,658.624,0.000,-655.000
"14-Mar-2025 00:30:00",646.000,66.200,649.383,0.000,-646.000
"14-Mar-2025 01:00:00",639.200,65.800,642.578,0.000,-639.200
"14-Mar-2025 01:30:00",643.400,66.400,646.817,0.000,-643.400
"14-Mar-2025 02:00:00",640.400,65.800,643.772,0.000,-640.400
"14-Mar-2025 02:30:00",639.200,65.600,642.557,0.000,-639.200
"14-Mar-2025 03:00:00",644.800,68.400,648.418,0.000,-644.800
"14-Mar-2025 03:30:00",645.000,70.600,648.852,0.000,-645.000
"14-Mar-2025 04:00:00",635.800,68.000,639.426,0.000,-635.800
"14-Mar-2025 04:30:00",666.400,68.000,669.860,0.000,-666.400
"14-Mar-2025 05:00:00",641.000,65.000,644.287,0.000,-641.000
"14-Mar-2025 05:30:00",652.800,65.800,656.108,0.000,-652.800
"14-Mar-2025 06:00:00",699.000,74.000,702.906,0.000,-699.000
"14-Mar-2025 06:30:00",701.200,64.000,704.115,0.000,-701.200
"14-Mar-2025 07:00:00",757.200,41.800,758.353,0.000,-757.200
"14-Mar-2025 07:30:00",806.000,58.200,808.099,0.000,-806.000
"14-Mar-2025 08:00:00",834.400,47.800,835.768,0.000,-834.400
"14-Mar-2025 08:30:00",852.000,66.600,854.599,0.000,-852.000
"14-Mar-2025 09:00:00",893.200,68.000,895.785,0.000,-893.200
"14-Mar-2025 09:30:00",868.600,63.800,870.940,0.000,-868.600
"14-Mar-2025 10:00:00",845.000,61.200,847.213,0.000,-845.000
"14-Mar-2025 10:30:00",910.200,67.800,912.722,0.000,-910.200
"14-Mar-2025 11:00:00",880.400,63.400,882.680,0.000,-880.400
"14-Mar-2025 11:30:00",902.800,69.200,905.448,0.000,-902.800
"14-Mar-2025 12:00:00",952.200,80.800,955.622,0.000,-952.200
"14-Mar-2025 12:30:00",894.000,69.000,896.659,0.000,-894.000
"14-Mar-2025 13:00:00",858.000,57.600,859.931,0.000,-858.000
"14-Mar-2025 13:30:00",917.200,77.600,920.477,0.000,-917.200
"14-Mar-2025 14:00:00",975.400,68.800,977.823,0.000,-975.400
"14-Mar-2025 14:30:00",931.200,70.600,933.872,0.000,-931.200
"14-Mar-2025 15:00:00",936.000,85.800,939.924,0.000,-936.000
"14-Mar-2025 15:30:00",943.800,82.600,947.408,0.000,-943.800
"14-Mar-2025 16:00:00",928.600,88.600,932.817,0.000,-928.600
"14-Mar-2025 16:30:00",936.400,82.800,940.054,0.000,-936.400
"14-Mar-2025 17:00:00",904.800,78.200,908.173,0.000,-904.800
"14-Mar-2025 17:30:00",867.400,59.400,869.431,0.000,-867.400
"14-Mar-2025 18:00:00",842.600,59.600,844.705,0.000,-842.600
"14-Mar-2025 18:30:00",843.200,52.200,844.814,0.000,-843.200
"14-Mar-2025 19:00:00",819.400,51.600,821.023,0.000,-819.400
"14-Mar-2025 19:30:00",872.600,81.200,876.370,0.000,-872.600
"14-Mar-2025 20:00:00",875.400,85.000,879.517,0.000,-875.400
"14-Mar-2025 20:30:00",819.600,67.400,822.367,0.000,-819.600
"14-Mar-2025 21:00:00",757.200,57.000,759.342,0.000,-757.200
"14-Mar-2025 21:30:00",719.200,58.000,721.535,0.000,-719.200
"14-Mar-2025 22:00:00",680.600,70.400,684.231,0.000,-680.600
"14-Mar-2025 22:30:00",664.400,71.400,668.226,0.000,-664.400
"14-Mar-2025 23:00:00",672.400,75.000,676.570,0.000,-672.400
"14-Mar-2025 23:30:00",652.600,70.000,656.343,0.000,-652.600
"15-Mar-2025 00:00:00",642.000,67.200,645.507,0.000,-642.000
"15-Mar-2025 00:30:00",649.400,70.000,653.162,0.000,-649.400
"15-Mar-2025 01:00:00",641.600,69.200,645.321,0.000,-641.600
"15-Mar-2025 01:30:00",633.200,67.200,636.756,0.000,-633.200
"15-Mar-2025 02:00:00",639.000,69.400,642.758,0.000,-639.000
"15-Mar-2025 02:30:00",619.400,65.800,622.885,0.000,-619.400
"15-Mar-2025 03:00:00",622.600,66.800,626.173,0.000,-622.600
"15-Mar-2025 03:30:00",613.200,67.400,616.893,0.000,-613.200
"15-Mar-2025 04:00:00",617.000,65.000,620.414,0.000,-617.000
"15-Mar-2025 04:30:00",650.600,68.800,654.228,0.000,-650.600
"15-Mar-2025 05:00:00",631.000,68.000,634.653,0.000,-631.000
"15-Mar-2025 05:30:00",641.000,65.600,644.348,0.000,-641.000
"15-Mar-2025 06:00:00",639.000,70.400,642.866,0.000,-639.000
"15-Mar-2025 06:30:00",655.200,76.200,659.616,0.000,-655.200
"15-Mar-2025 07:00:00",708.400,85.800,713.577,0.000,-708.400
"15-Mar-2025 07:30:00",728.800,80.000,733.178,0.000,-728.800
"15-Mar-2025 08:00:00",733.000,70.000,736.335,0.000,-733.000
"15-Mar-2025 08:30:00",738.000,68.200,741.145,0.000,-738.000
"15-Mar-2025 09:00:00",757.600,61.600,760.100,0.000,-757.600
"15-Mar-2025 09:30:00",775.400,65.000,778.120,0.000,-775.400
"15-Mar-2025 10:00:00",781.400,67.400,784.301,0.000,-781.400
"15-Mar-2025 10:30:00",745.400,68.200,748.513,0.000,-745.400
"15-Mar-2025 11:00:00",765.800,72.000,769.177,0.000,-765.800
"15-Mar-2025 11:30:00",810.200,80.800,814.219,0.000,-810.200
"15-Mar-2025 12:00:00",788.400,70.400,791.537,0.000,-788.400
"15-Mar-2025 12:30:00",840.600,84.000,844.787,0.000,-840.600
"15-Mar-2025 13:00:00",771.200,64.400,773.884,0.000,-771.200
"15-Mar-2025 13:30:00",800.000,67.000,802.801,0.000,-800.000
"15-Mar-2025 14:00:00",838.400,80.400,842.246,0.000,-838.400
"15-Mar-2025 14:30:00",806.800,81.800,810.936,0.000,-806.800
"15-Mar-2025 15:00:00",833.200,83.400,837.364,0.000,-833.200
"15-Mar-2025 15:30:00",808.400,83.800,812.732,0.000,-808.400
"15-Mar-2025 16:00:00",821.000,89.400,825.853,0.000,-821.000
"15-Mar-2025 16:30:00",844.000,94.600,849.285,0.000,-844.000
"15-Mar-2025 17:00:00",808.000,83.000,812.252,0.000,-808.000
"15-Mar-2025 17:30:00",781.600,73.000,785.002,0.000,-781.600
"15-Mar-2025 18:00:00",747.800,64.600,750.585,0.000,-747.800
"15-Mar-2025 18:30:00",764.800,71.600,768.144,0.000,-764.800
"15-Mar-2025 19:00:00",754.000,72.600,757.487,0.000,-754.000
"15-Mar-2025 19:30:00",719.000,66.600,722.078,0.000,-719.000
"15-Mar-2025 20:00:00",715.400,64.400,718.293,0.000,-715.400
"15-Mar-2025 20:30:00",679.400,59.600,682.009,0.000,-679.400
"15-Mar-2025 21:00:00",663.800,56.600,666.209,0.000,-663.800
"15-Mar-2025 21:30:00",642.800,55.000,645.149,0.000,-642.800
"15-Mar-2025 22:00:00",618.600,50.200,620.634,0.000,-618.600
"15-Mar-2025 22:30:00",621.000,51.800,623.157,0.000,-621.000
"15-Mar-2025 23:00:00",625.800,54.800,628.195,0.000,-625.800
"15-Mar-2025 23:30:00",612.600,50.600,614.686,0.000,-612.600
"16-Mar-2025 00:00:00",596.400,47.800,598.312,0.000,-596.400
"16-Mar-2025 00:30:00",605.400,50.800,607.528,0.000,-605.400
"16-Mar-2025 01:00:00",593.800,49.600,595.868,0.000,-593.800
"16-Mar-2025 01:30:00",582.800,47.400,584.724,0.000,-582.800
"16-Mar-2025 02:00:00",575.000,46.600,576.885,0.000,-575.000
"16-Mar-2025 02:30:00",577.000,47.000,578.911,0.000,-577.000
"16-Mar-2025 03:00:00",567.000,46.200,568.879,0.000,-567.000
"16-Mar-2025 03:30:00",553.600,43.000,555.267,0.000,-553.600
"16-Mar-2025 04:00:00",557.000,44.200,558.751,0.000,-557.000
"16-Mar-2025 04:30:00",601.400,46.800,603.218,0.000,-601.400
"16-Mar-2025 05:00:00",584.200,46.000,586.008,0.000,-584.200
"16-Mar-2025 05:30:00",601.200,48.000,603.113,0.000,-601.200
"16-Mar-2025 06:00:00",606.600,52.000,608.825,0.000,-606.600
"16-Mar-2025 06:30:00",625.400,58.600,628.139,0.000,-625.400
"16-Mar-2025 07:00:00",654.000,61.000,656.839,0.000,-654.000
"16-Mar-2025 07:30:00",658.000,64.600,661.163,0.000,-658.000
"16-Mar-2025 08:00:00",667.400,66.800,670.735,0.000,-667.400
"16-Mar-2025 08:30:00",674.000,68.000,677.422,0.000,-674.000
"16-Mar-2025 09:00:00",684.200,67.400,687.512,0.000,-684.200
"16-Mar-2025 09:30:00",733.600,62.000,736.215,0.000,-733.600
"16-Mar-2025 10:00:00",754.000,67.000,756.971,0.000,-754.000
"16-Mar-2025 10:30:00",703.800,66.000,706.888,0.000,-703.800
"16-Mar-2025 11:00:00",746.800,81.400,751.223,0.000,-746.800
"16-Mar-2025 11:30:00",772.600,90.200,777.848,0.000,-772.600
"16-Mar-2025 12:00:00",743.600,83.800,748.307,0.000,-743.600
"16-Mar-2025 12:30:00",746.200,79.600,750.434,0.000,-746.200
"16-Mar-2025 13:00:00",783.000,90.400,788.201,0.000,-783.000
"16-Mar-2025 13:30:00",804.800,88.800,809.684,0.000,-804.800
"16-Mar-2025 14:00:00",778.200,80.800,782.383,0.000,-778.200
"16-Mar-2025 14:30:00",735.000,76.600,738.981,0.000,-735.000
"16-Mar-2025 15:00:00",779.000,86.800,783.821,0.000,-779.000
"16-Mar-2025 15:30:00",772.800,86.400,777.615,0.000,-772.800
"16-Mar-2025 16:00:00",816.800,100.200,822.923,0.000,-816.800
"16-Mar-2025 16:30:00",785.800,91.600,791.121,0.000,-785.800
"16-Mar-2025 17:00:00",775.400,86.000,780.155,0.000,-775.400
"16-Mar-2025 17:30:00",787.000,85.600,791.642,0.000,-787.000
"16-Mar-2025 18:00:00",741.400,75.200,745.204,0.000,-741.400
"16-Mar-2025 18:30:00",715.200,65.400,718.184,0.000,-715.200
"16-Mar-2025 19:00:00",734.600,68.000,737.741,0.000,-734.600
"16-Mar-2025 19:30:00",711.400,63.000,714.184,0.000,-711.400
"16-Mar-2025 20:00:00",702.600,60.600,705.209,0.000,-702.600
"16-Mar-2025 20:30:00",646.000,51.600,648.058,0.000,-646.000
"16-Mar-2025 21:00:00",634.400,49.000,636.290,0.000,-634.400
"16-Mar-2025 21:30:00",622.400,47.400,624.202,0.000,-622.400
"16-Mar-2025 22:00:00",607.800,46.200,609.553,0.000,-607.800
"16-Mar-2025 22:30:00",596.600,45.800,598.355,0.000,-596.600
"16-Mar-2025 23:00:00",592.000,45.600,593.754,0.000,-592.000
"16-Mar-2025 23:30:00",579.200,43.000,580.794,0.000,-579.200
"17-Mar-2025 00:00:00",575.000,46.600,576.885,0.000,-575.000
"17-Mar-2025 00:30:00",590.200,50.200,592.331,0.000,-590.200
"17-Mar-2025 01:00:00",569.200,47.800,571.204,0.000,-569.200
"17-Mar-2025 01:30:00",556.800,46.400,558.730,0.000,-556.800
"17-Mar-2025 02:00:00",565.200,46.600,567.118,0.000,-565.200
"17-Mar-2025 02:30:00",558.200,46.600,560.142,0.000,-558.200
"17-Mar-2025 03:00:00",554.000,46.000,555.906,0.000,-554.000
"17-Mar-2025 03:30:00",554.000,47.800,556.058,0.000,-554.000
"17-Mar-2025 04:00:00",548.600,45.200,550.459,0.000,-548.600
"17-Mar-2025 04:30:00",595.400,49.200,597.429,0.000,-595.400
"17-Mar-2025 05:00:00",587.200,49.000,589.241,0.000,-587.200
"17-Mar-2025 05:30:00",599.400,47.200,601.256,0.000,-599.400
"17-Mar-2025 06:00:00",629.200,53.000,631.428,0.000,-629.200
"17-Mar-2025 06:30:00",641.200,62.800,644.268,0.000,-641.200
"17-Mar-2025 07:00:00",684.200,63.800,687.168,0.000,-684.200
"17-Mar-2025 07:30:00",717.600,51.800,719.467,0.000,-717.600
"17-Mar-2025 08:00:00",724.000,46.600,725.498,0.000,-724.000
"17-Mar-2025 08:30:00",713.200,44.000,714.556,0.000,-713.200
"17-Mar-2025 09:00:00",776.800,50.600,778.446,0.000,-776.800
"17-Mar-2025 09:30:00",809.000,33.200,809.681,0.000,-809.000
"17-Mar-2025 10:00:00",819.200,36.600,820.017,0.000,-819.200
"17-Mar-2025 10:30:00",839.800,44.000,840.952,0.000,-839.800
"17-Mar-2025 11:00:00",886.000,46.000,887.193,0.000,-886.000
"17-Mar-2025 11:30:00",860.600,64.200,862.991,0.000,-860.600
"17-Mar-2025 12:00:00",900.000,59.800,901.985,0.000,-900.000
"17-Mar-2025 12:30:00",875.400,50.600,876.861,0.000,-875.400
"17-Mar-2025 13:00:00",852.200,48.000,853.551,0.000,-852.200
"17-Mar-2025 13:30:00",861.200,46.200,862.438,0.000,-861.200
"17-Mar-2025 14:00:00",891.200,47.400,892.460,0.000,-891.200
"17-Mar-2025 14:30:00",836.400,39.800,837.346,0.000,-836.400
"17-Mar-2025 15:00:00",877.400,44.800,878.543,0.000,-877.400
"17-Mar-2025 15:30:00",858.600,56.600,860.464,0.000,-858.600
"17-Mar-2025 16:00:00",880.800,73.600,883.870,0.000,-880.800
"17-Mar-2025 16:30:00",892.600,68.200,895.202,0.000,-892.600
"17-Mar-2025 17:00:00",838.200,68.600,841.002,0.000,-838.200
"17-Mar-2025 17:30:00",853.000,87.600,857.486,0.000,-853.000
"17-Mar-2025 18:00:00",819.600,55.800,821.497,0.000,-819.600
"17-Mar-2025 18:30:00",787.200,42.800,788.363,0.000,-787.200
"17-Mar-2025 19:00:00",796.200,58.000,798.310,0.000,-796.200
"17-Mar-2025 19:30:00",758.600,47.600,760.092,0.000,-758.600
"17-Mar-2025 20:00:00",720.200,42.000,721.424,0.000,-720.200
"17-Mar-2025 20:30:00",671.000,39.000,672.132,0.000,-671.000
"17-Mar-2025 21:00:00",661.000,37.400,662.057,0.000,-661.000
"17-Mar-2025 21:30:00",625.000,33.000,625.871,0.000,-625.000
"17-Mar-2025 22:00:00",588.600,30.200,589.374,0.000,-588.600
"17-Mar-2025 22:30:00",573.200,54.400,575.776,0.000,-573.200
"17-Mar-2025 23:00:00",573.200,56.400,575.968,0.000,-573.200
"17-Mar-2025 23:30:00",562.400,54.600,565.044,0.000,-562.400
"18-Mar-2025 00:00:00",540.800,48.400,542.962,0.000,-540.800
"18-Mar-2025 00:30:00",539.200,48.000,541.332,0.000,-539.200
"18-Mar-2025 01:00:00",533.800,47.400,535.900,0.000,-533.800
"18-Mar-2025 01:30:00",527.600,46.200,529.619,0.000,-527.600
"18-Mar-2025 02:00:00",531.000,47.800,533.147,0.000,-531.000
"18-Mar-2025 02:30:00",536.000,48.600,538.199,0.000,-536.000
"18-Mar-2025 03:00:00",527.200,49.400,529.509,0.000,-527.200
"18-Mar-2025 03:30:00",522.800,49.600,525.148,0.000,-522.800
"18-Mar-2025 04:00:00",567.400,53.400,569.907,0.000,-567.400
"18-Mar-2025 04:30:00",544.600,51.800,547.058,0.000,-544.600
"18-Mar-2025 05:00:00",548.000,52.200,550.481,0.000,-548.000
"18-Mar-2025 05:30:00",565.800,54.200,568.390,0.000,-565.800
"18-Mar-2025 06:00:00",605.800,57.200,608.494,0.000,-605.800
"18-Mar-2025 06:30:00",614.800,19.400,615.106,0.000,-614.800
"18-Mar-2025 07:00:00",534.600,13.400,534.768,0.000,-534.600
"18-Mar-2025 07:30:00",363.400,0.000,363.400,0.000,-363.400
"18-Mar-2025 08:00:00",538.400,0.000,538.400,0.000,-538.400
"18-Mar-2025 08:30:00",757.600,2.600,757.604,0.000,-757.600
"18-Mar-2025 09:00:00",791.800,2.200,791.803,0.000,-791.800
"18-Mar-2025 09:30:00",866.600,2.200,866.603,0.000,-866.600
"18-Mar-2025 10:00:00",857.400,10.200,857.461,0.000,-857.400
"18-Mar-2025 10:30:00",782.000,5.200,782.017,0.000,-782.000
"18-Mar-2025 11:00:00",941.200,23.000,941.481,0.000,-941.200
"18-Mar-2025 11:30:00",946.600,33.000,947.175,0.000,-946.600
"18-Mar-2025 12:00:00",939.400,10.000,939.453,0.000,-939.400
"18-Mar-2025 12:30:00",919.000,11.600,919.073,0.000,-919.000
"18-Mar-2025 13:00:00",911.800,10.200,911.857,0.000,-911.800
"18-Mar-2025 13:30:00",907.400,18.600,907.591,0.000,-907.400
"18-Mar-2025 14:00:00",907.400,24.800,907.739,0.000,-907.400
"18-Mar-2025 14:30:00",917.800,11.200,917.868,0.000,-917.800
"18-Mar-2025 15:00:00",903.400,23.600,903.708,0.000,-903.400
"18-Mar-2025 15:30:00",880.200,24.800,880.549,0.000,-880.200
"18-Mar-2025 16:00:00",885.800,35.000,886.491,0.000,-885.800
"18-Mar-2025 16:30:00",883.600,38.800,884.451,0.000,-883.600
"18-Mar-2025 17:00:00",859.600,28.200,860.062,0.000,-859.600
"18-Mar-2025 17:30:00",811.800,20.200,812.051,0.000,-811.800
"18-Mar-2025 18:00:00",802.000,0.600,802.000,0.000,-802.000
"18-Mar-2025 18:30:00",830.000,11.600,830.081,0.000,-830.000
"18-Mar-2025 19:00:00",801.800,4.400,801.812,0.000,-801.800
"18-Mar-2025 19:30:00",829.200,4.000,829.210,0.000,-829.200
"18-Mar-2025 20:00:00",774.000,13.200,774.113,0.000,-774.000
"18-Mar-2025 20:30:00",761.000,4.800,761.015,0.000,-761.000
"18-Mar-2025 21:00:00",740.800,7.000,740.833,0.000,-740.800
"18-Mar-2025 21:30:00",748.400,0.600,748.400,0.000,-748.400
"18-Mar-2025 22:00:00",725.200,5.800,725.223,0.000,-725.200
"18-Mar-2025 22:30:00",678.200,0.800,678.200,0.000,-678.200
"18-Mar-2025 23:00:00",752.600,14.600,752.742,0.000,-752.600
"18-Mar-2025 23:30:00",727.600,11.400,727.689,0.000,-727.600
"19-Mar-2025 00:00:00",674.000,11.600,674.100,0.000,-674.000
"19-Mar-2025 00:30:00",644.400,1.800,644.403,0.000,-644.400
"19-Mar-2025 01:00:00",684.600,5.600,684.623,0.000,-684.600
"19-Mar-2025 01:30:00",666.000,9.200,666.064,0.000,-666.000
"19-Mar-2025 02:00:00",687.200,4.200,687.213,0.000,-687.200
"19-Mar-2025 02:30:00",655.600,13.200,655.733,0.000,-655.600
"19-Mar-2025 03:00:00",685.600,6.200,685.628,0.000,-685.600
"19-Mar-2025 03:30:00",667.400,30.200,668.083,0.000,-667.400
"19-Mar-2025 04:00:00",610.000,9.200,610.069,0.000,-610.000
"19-Mar-2025 04:30:00",656.600,0.600,656.600,0.000,-656.600
"19-Mar-2025 05:00:00",674.800,1.200,674.801,0.000,-674.800
"19-Mar-2025 05:30:00",680.400,3.200,680.408,0.000,-680.400
"19-Mar-2025 06:00:00",672.800,5.800,672.825,0.000,-672.800
"19-Mar-2025 06:30:00",676.000,8.800,676.057,0.000,-676.000
"19-Mar-2025 07:00:00",619.000,5.400,619.024,0.000,-619.000
"19-Mar-2025 07:30:00",643.000,2.000,643.003,0.000,-643.000
"19-Mar-2025 08:00:00",824.000,4.800,824.014,0.000,-824.000
"19-Mar-2025 08:30:00",835.200,6.400,835.225,0.000,-835.200
"19-Mar-2025 09:00:00",879.400,3.600,879.407,0.000,-879.400
"19-Mar-2025 09:30:00",856.800,3.600,856.808,0.000,-856.800
"19-Mar-2025 10:00:00",838.200,3.000,838.205,0.000,-838.200
"19-Mar-2025 10:30:00",865.200,2.200,865.203,0.000,-865.200
"19-Mar-2025 11:00:00",884.400,27.600,884.831,0.000,-884.400
"19-Mar-2025 11:30:00",915.000,6.800,915.025,0.000,-915.000
"19-Mar-2025 12:00:00",943.600,8.400,943.637,0.000,-943.600
"19-Mar-2025 12:30:00",918.800,14.800,918.919,0.000,-918.800
"19-Mar-2025 13:00:00",884.000,7.800,884.034,0.000,-884.000
"19-Mar-2025 13:30:00",927.600,21.600,927.851,0.000,-927.600
"19-Mar-2025 14:00:00",956.000,30.800,956.496,0.000,-956.000
"19-Mar-2025 14:30:00",960.200,39.600,961.016,0.000,-960.200
"19-Mar-2025 15:00:00",944.600,32.000,945.142,0.000,-944.600
"19-Mar-2025 15:30:00",949.800,19.200,949.994,0.000,-949.800
"19-Mar-2025 16:00:00",933.600,28.000,934.020,0.000,-933.600
"19-Mar-2025 16:30:00",934.200,12.800,934.288,0.000,-934.200
"19-Mar-2025 17:00:00",905.000,28.800,905.458,0.000,-905.000
"19-Mar-2025 17:30:00",882.800,22.400,883.084,0.000,-882.800
"19-Mar-2025 18:00:00",838.200,18.000,838.393,0.000,-838.200
"19-Mar-2025 18:30:00",803.200,16.600,803.372,0.000,-803.200
"19-Mar-2025 19:00:00",763.400,6.600,763.429,0.000,-763.400
"19-Mar-2025 19:30:00",754.000,3.600,754.009,0.000,-754.000
"19-Mar-2025 20:00:00",727.200,1.400,727.201,0.000,-727.200
"19-Mar-2025 20:30:00",702.400,1.600,702.402,0.000,-702.400
"19-Mar-2025 21:00:00",668.600,4.000,668.612,0.000,-668.600
"19-Mar-2025 21:30:00",639.800,0.600,639.800,0.000,-639.800
"19-Mar-2025 22:00:00",605.400,5.000,605.421,0.000,-605.400
"19-Mar-2025 22:30:00",597.600,16.800,597.836,0.000,-597.600
"19-Mar-2025 23:00:00",597.800,18.200,598.077,0.000,-597.800
"19-Mar-2025 23:30:00",568.200,12.400,568.335,0.000,-568.200
"20-Mar-2025 00:00:00",543.200,9.400,543.281,0.000,-543.200
"20-Mar-2025 00:30:00",544.200,9.600,544.285,0.000,-544.200
"20-Mar-2025 01:00:00",532.400,7.400,532.451,0.000,-532.400
"20-Mar-2025 01:30:00",532.800,8.400,532.866,0.000,-532.800
"20-Mar-2025 02:00:00",535.800,8.600,535.869,0.000,-535.800
"20-Mar-2025 02:30:00",525.400,23.000,525.903,0.000,-525.400
"20-Mar-2025 03:00:00",518.800,33.600,519.887,0.000,-518.800
"20-Mar-2025 03:30:00",518.600,35.400,519.807,0.000,-518.600
"20-Mar-2025 04:00:00",524.000,35.200,525.181,0.000,-524.000
"20-Mar-2025 04:30:00",568.000,38.600,569.310,0.000,-568.000
"20-Mar-2025 05:00:00",548.000,34.600,549.091,0.000,-548.000
"20-Mar-2025 05:30:00",545.000,36.200,546.201,0.000,-545.000
"20-Mar-2025 06:00:00",599.400,23.600,599.864,0.000,-599.400
"20-Mar-2025 06:30:00",623.600,28.000,624.228,0.000,-623.600
"20-Mar-2025 07:00:00",651.000,33.000,651.836,0.000,-651.000
"20-Mar-2025 07:30:00",696.800,27.400,697.339,0.000,-696.800
"20-Mar-2025 08:00:00",700.800,26.800,701.312,0.000,-700.800
"20-Mar-2025 08:30:00",725.600,23.200,725.971,0.000,-725.600
"20-Mar-2025 09:00:00",746.600,23.600,746.973,0.000,-746.600
"20-Mar-2025 09:30:00",750.400,9.800,750.464,0.000,-750.400
"20-Mar-2025 10:00:00",749.200,14.800,749.346,0.000,-749.200
"20-Mar-2025 10:30:00",787.000,16.400,787.171,0.000,-787.000
"20-Mar-2025 11:00:00",823.000,23.800,823.344,0.000,-823.000
"20-Mar-2025 11:30:00",853.800,9.200,853.850,0.000,-853.800
"20-Mar-2025 12:00:00",837.600,0.000,837.600,0.000,-837.600
"20-Mar-2025 12:30:00",832.400,0.200,832.400,0.000,-832.400
"20-Mar-2025 13:00:00",824.600,0.200,824.600,0.000,-824.600
"20-Mar-2025 13:30:00",818.600,0.000,818.600,0.000,-818.600
"20-Mar-2025 14:00:00",820.800,0.000,820.800,0.000,-820.800
"20-Mar-2025 14:30:00",838.800,0.200,838.800,0.000,-838.800
"20-Mar-2025 15:00:00",877.800,1.400,877.801,0.000,-877.800
"20-Mar-2025 15:30:00",835.200,11.400,835.278,0.000,-835.200
"20-Mar-2025 16:00:00",866.200,1.200,866.201,0.000,-866.200
"20-Mar-2025 16:30:00",870.600,11.000,870.669,0.000,-870.600
"20-Mar-2025 17:00:00",834.200,1.200,834.201,0.000,-834.200
"20-Mar-2025 17:30:00",816.200,3.000,816.206,0.000,-816.200
"20-Mar-2025 18:00:00",775.200,0.200,775.200,0.000,-775.200
"20-Mar-2025 18:30:00",765.200,2.400,765.204,0.000,-765.200
"20-Mar-2025 19:00:00",753.200,0.200,753.200,0.000,-753.200
"20-Mar-2025 19:30:00",728.000,0.200,728.000,0.000,-728.000
"20-Mar-2025 20:00:00",721.400,1.200,721.401,0.000,-721.400
"20-Mar-2025 20:30:00",669.000,0.600,669.000,0.000,-669.000
"20-Mar-2025 21:00:00",644.800,0.400,644.800,0.000,-644.800
"20-Mar-2025 21:30:00",627.000,6.000,627.029,0.000,-627.000
"20-Mar-2025 22:00:00",605.000,9.000,605.067,0.000,-605.000
"20-Mar-2025 22:30:00",583.200,10.000,583.286,0.000,-583.200
"20-Mar-2025 23:00:00",576.600,10.000,576.687,0.000,-576.600
"20-Mar-2025 23:30:00",563.600,9.800,563.685,0.000,-563.600
"21-Mar-2025 00:00:00",545.800,8.200,545.862,0.000,-545.800
"21-Mar-2025 00:30:00",534.200,6.400,534.238,0.000,-534.200
"21-Mar-2025 01:00:00",537.200,7.600,537.254,0.000,-537.200
"21-Mar-2025 01:30:00",535.600,7.400,535.651,0.000,-535.600
"21-Mar-2025 02:00:00",524.600,5.600,524.630,0.000,-524.600
"21-Mar-2025 02:30:00",517.600,13.400,517.773,0.000,-517.600
"21-Mar-2025 03:00:00",518.400,17.200,518.685,0.000,-518.400
"21-Mar-2025 03:30:00",522.000,20.400,522.398,0.000,-522.000
"21-Mar-2025 04:00:00",514.600,18.200,514.922,0.000,-514.600
"21-Mar-2025 04:30:00",551.000,19.600,551.348,0.000,-551.000
"21-Mar-2025 05:00:00",548.400,19.600,548.750,0.000,-548.400
"21-Mar-2025 05:30:00",551.000,15.800,551.226,0.000,-551.000
"21-Mar-2025 06:00:00",583.000,27.600,583.653,0.000,-583.000
"21-Mar-2025 06:30:00",602.200,27.400,602.823,0.000,-602.200
"21-Mar-2025 07:00:00",657.000,41.800,658.328,0.000,-657.000
"21-Mar-2025 07:30:00",697.600,19.400,697.870,0.000,-697.600
"21-Mar-2025 08:00:00",717.600,1.400,717.601,0.000,-717.600
"21-Mar-2025 08:30:00",721.200,2.400,721.204,0.000,-721.200
"21-Mar-2025 09:00:00",780.400,1.200,780.401,0.000,-780.400
"21-Mar-2025 09:30:00",790.400,0.400,790.400,0.000,-790.400
"21-Mar-2025 10:00:00",803.000,0.200,803.000,0.000,-803.000
"21-Mar-2025 10:30:00",850.400,0.800,850.400,0.000,-850.400
"21-Mar-2025 11:00:00",924.600,8.400,924.638,0.000,-924.600
"21-Mar-2025 11:30:00",923.000,17.200,923.160,0.000,-923.000
"21-Mar-2025 12:00:00",948.600,22.400,948.864,0.000,-948.600
"21-Mar-2025 12:30:00",928.800,14.600,928.915,0.000,-928.800
"21-Mar-2025 13:00:00",950.200,20.600,950.423,0.000,-950.200
"21-Mar-2025 13:30:00",950.400,15.000,950.518,0.000,-950.400
"21-Mar-2025 14:00:00",945.200,16.400,945.342,0.000,-945.200
"21-Mar-2025 14:30:00",949.800,12.000,949.876,0.000,-949.800
"21-Mar-2025 15:00:00",941.200,6.200,941.220,0.000,-941.200
"21-Mar-2025 15:30:00",933.200,18.600,933.385,0.000,-933.200
"21-Mar-2025 16:00:00",953.200,16.600,953.345,0.000,-953.200
"21-Mar-2025 16:30:00",926.000,15.200,926.125,0.000,-926.000
"21-Mar-2025 17:00:00",877.400,3.200,877.406,0.000,-877.400
"21-Mar-2025 17:30:00",857.000,4.600,857.012,0.000,-857.000
"21-Mar-2025 18:00:00",816.200,6.200,816.224,0.000,-816.200
"21-Mar-2025 18:30:00",782.200,0.800,782.200,0.000,-782.200
"21-Mar-2025 19:00:00",757.000,0.600,757.000,0.000,-757.000
"21-Mar-2025 19:30:00",745.600,0.400,745.600,0.000,-745.600
"21-Mar-2025 20:00:00",734.600,0.200,734.600,0.000,-734.600
"21-Mar-2025 20:30:00",709.800,0.200,709.800,0.000,-709.800
"21-Mar-2025 21:00:00",654.400,3.800,654.411,0.000,-654.400
"21-Mar-2025 21:30:00",637.200,2.600,637.205,0.000,-637.200
"21-Mar-2025 22:00:00",601.000,0.400,601.000,0.000,-601.000
"21-Mar-2025 22:30:00",579.400,0.400,579.400,0.000,-579.400
"21-Mar-2025 23:00:00",574.800,0.400,574.800,0.000,-574.800
"21-Mar-2025 23:30:00",572.000,0.600,572.000,0.000,-572.000
"22-Mar-2025 00:00:00",548.800,11.800,548.927,0.000,-548.800
"22-Mar-2025 00:30:00",535.400,19.200,535.744,0.000,-535.400
"22-Mar-2025 01:00:00",533.200,19.600,533.560,0.000,-533.200
"22-Mar-2025 01:30:00",540.000,20.600,540.393,0.000,-540.000
"22-Mar-2025 02:00:00",529.800,20.600,530.200,0.000,-529.800
"22-Mar-2025 02:30:00",525.400,19.000,525.743,0.000,-525.400
"22-Mar-2025 03:00:00",524.800,20.600,525.204,0.000,-524.800
"22-Mar-2025 03:30:00",527.600,23.200,528.110,0.000,-527.600
"22-Mar-2025 04:00:00",532.600,23.400,533.114,0.000,-532.600
"22-Mar-2025 04:30:00",571.800,26.800,572.428,0.000,-571.800
"22-Mar-2025 05:00:00",551.600,25.400,552.184,0.000,-551.600
"22-Mar-2025 05:30:00",568.400,26.800,569.031,0.000,-568.400
"22-Mar-2025 06:00:00",572.800,30.600,573.617,0.000,-572.800
"22-Mar-2025 06:30:00",613.800,39.200,615.050,0.000,-613.800
"22-Mar-2025 07:00:00",629.200,41.200,630.547,0.000,-629.200
"22-Mar-2025 07:30:00",639.600,32.800,640.440,0.000,-639.600
"22-Mar-2025 08:00:00",640.600,28.200,641.220,0.000,-640.600
"22-Mar-2025 08:30:00",667.400,14.800,667.564,0.000,-667.400
"22-Mar-2025 09:00:00",702.600,8.000,702.646,0.000,-702.600
"22-Mar-2025 09:30:00",718.200,12.000,718.300,0.000,-718.200
"22-Mar-2025 10:00:00",741.400,11.000,741.482,0.000,-741.400
"22-Mar-2025 10:30:00",768.400,25.200,768.813,0.000,-768.400
"22-Mar-2025 11:00:00",780.400,16.200,780.568,0.000,-780.400
"22-Mar-2025 11:30:00",853.200,30.800,853.756,0.000,-853.200
"22-Mar-2025 12:00:00",824.600,31.400,825.198,0.000,-824.600
"22-Mar-2025 12:30:00",830.000,29.800,830.535,0.000,-830.000
"22-Mar-2025 13:00:00",860.600,33.400,861.248,0.000,-860.600
"22-Mar-2025 13:30:00",855.600,26.400,856.007,0.000,-855.600
"22-Mar-2025 14:00:00",856.800,30.800,857.353,0.000,-856.800
"22-Mar-2025 14:30:00",852.200,31.600,852.786,0.000,-852.200
"22-Mar-2025 15:00:00",845.600,30.600,846.153,0.000,-845.600
"22-Mar-2025 15:30:00",841.400,31.800,842.001,0.000,-841.400
"22-Mar-2025 16:00:00",893.800,46.600,895.014,0.000,-893.800
"22-Mar-2025 16:30:00",921.800,39.000,922.625,0.000,-921.800
"22-Mar-2025 17:00:00",856.600,23.600,856.925,0.000,-856.600
"22-Mar-2025 17:30:00",841.400,21.400,841.672,0.000,-841.400
"22-Mar-2025 18:00:00",817.200,18.800,817.416,0.000,-817.200
"22-Mar-2025 18:30:00",772.800,24.600,773.191,0.000,-772.800
"22-Mar-2025 19:00:00",746.400,0.200,746.400,0.000,-746.400
"22-Mar-2025 19:30:00",807.400,18.000,807.601,0.000,-807.400
"22-Mar-2025 20:00:00",823.600,25.000,823.979,0.000,-823.600
"22-Mar-2025 20:30:00",817.400,21.400,817.680,0.000,-817.400
"22-Mar-2025 21:00:00",765.400,13.400,765.517,0.000,-765.400
"22-Mar-2025 21:30:00",692.000,3.000,692.007,0.000,-692.000
"22-Mar-2025 22:00:00",669.800,0.800,669.800,0.000,-669.800
"22-Mar-2025 22:30:00",659.000,0.600,659.000,0.000,-659.000
"22-Mar-2025 23:00:00",642.200,0.200,642.200,0.000,-642.200
"22-Mar-2025 23:30:00",615.200,0.200,615.200,0.000,-615.200
"23-Mar-2025 00:00:00",595.200,0.000,595.200,0.000,-595.200
"23-Mar-2025 00:30:00",593.400,0.200,593.400,0.000,-593.400
"23-Mar-2025 01:00:00",598.000,0.200,598.000,0.000,-598.000
"23-Mar-2025 01:30:00",599.200,0.000,599.200,0.000,-599.200
"23-Mar-2025 02:00:00",604.600,0.200,604.600,0.000,-604.600
"23-Mar-2025 02:30:00",594.800,0.400,594.800,0.000,-594.800
"23-Mar-2025 03:00:00",581.400,13.200,581.550,0.000,-581.400
"23-Mar-2025 03:30:00",583.200,14.400,583.378,0.000,-583.200
"23-Mar-2025 04:00:00",579.800,2.000,579.803,0.000,-579.800
"23-Mar-2025 04:30:00",613.800,4.400,613.816,0.000,-613.800
"23-Mar-2025 05:00:00",598.200,5.200,598.223,0.000,-598.200
"23-Mar-2025 05:30:00",587.600,3.600,587.611,0.000,-587.600
"23-Mar-2025 06:00:00",582.800,7.800,582.852,0.000,-582.800
"23-Mar-2025 06:30:00",636.800,18.600,637.072,0.000,-636.800
"23-Mar-2025 07:00:00",655.600,19.600,655.893,0.000,-655.600
"23-Mar-2025 07:30:00",670.400,20.400,670.710,0.000,-670.400
"23-Mar-2025 08:00:00",708.000,16.600,708.195,0.000,-708.000
"23-Mar-2025 08:30:00",729.000,3.600,729.009,0.000,-729.000
"23-Mar-2025 09:00:00",733.600,0.600,733.600,0.000,-733.600
"23-Mar-2025 09:30:00",819.600,10.600,819.669,0.000,-819.600
"23-Mar-2025 10:00:00",819.000,32.200,819.633,0.000,-819.000
"23-Mar-2025 10:30:00",831.200,32.400,831.831,0.000,-831.200
"23-Mar-2025 11:00:00",888.400,41.200,889.355,0.000,-888.400
"23-Mar-2025 11:30:00",935.000,29.400,935.462,0.000,-935.000
"23-Mar-2025 12:00:00",885.000,39.400,885.877,0.000,-885.000
"23-Mar-2025 12:30:00",875.600,36.600,876.365,0.000,-875.600
"23-Mar-2025 13:00:00",934.000,37.200,934.741,0.000,-934.000
"23-Mar-2025 13:30:00",920.600,28.000,921.026,0.000,-920.600
"23-Mar-2025 14:00:00",931.000,34.000,931.621,0.000,-931.000
"23-Mar-2025 14:30:00",920.600,32.800,921.184,0.000,-920.600
"23-Mar-2025 15:00:00",955.600,41.000,956.479,0.000,-955.600
"23-Mar-2025 15:30:00",953.600,38.600,954.381,0.000,-953.600
"23-Mar-2025 16:00:00",977.200,50.000,978.478,0.000,-977.200
"23-Mar-2025 16:30:00",994.400,53.000,995.811,0.000,-994.400
"23-Mar-2025 17:00:00",979.200,46.200,980.289,0.000,-979.200
"23-Mar-2025 17:30:00",952.800,37.000,953.518,0.000,-952.800
"23-Mar-2025 18:00:00",919.600,27.200,920.002,0.000,-919.600
"23-Mar-2025 18:30:00",899.200,18.400,899.388,0.000,-899.200
"23-Mar-2025 19:00:00",892.600,17.400,892.770,0.000,-892.600
"23-Mar-2025 19:30:00",893.000,20.600,893.238,0.000,-893.000
"23-Mar-2025 20:00:00",884.800,16.800,884.959,0.000,-884.800
"23-Mar-2025 20:30:00",867.000,14.200,867.116,0.000,-867.000
"23-Mar-2025 21:00:00",835.200,10.800,835.270,0.000,-835.200
"23-Mar-2025 21:30:00",804.400,19.600,804.639,0.000,-804.400
"23-Mar-2025 22:00:00",775.800,31.200,776.427,0.000,-775.800
"23-Mar-2025 22:30:00",754.200,27.800,754.712,0.000,-754.200
"23-Mar-2025 23:00:00",750.000,25.800,750.444,0.000,-750.000
"23-Mar-2025 23:30:00",744.200,26.800,744.682,0.000,-744.200
"24-Mar-2025 00:00:00",695.200,13.600,695.333,0.000,-695.200
"24-Mar-2025 00:30:00",723.600,13.200,723.720,0.000,-723.600
"24-Mar-2025 01:00:00",721.400,28.000,721.943,0.000,-721.400
"24-Mar-2025 01:30:00",673.800,7.400,673.841,0.000,-673.800
"24-Mar-2025 02:00:00",705.800,14.200,705.943,0.000,-705.800
"24-Mar-2025 02:30:00",654.000,14.400,654.159,0.000,-654.000
"24-Mar-2025 03:00:00",693.600,11.000,693.687,0.000,-693.600
"24-Mar-2025 03:30:00",682.800,12.200,682.909,0.000,-682.800
"24-Mar-2025 04:00:00",652.400,18.000,652.648,0.000,-652.400
"24-Mar-2025 04:30:00",714.600,12.800,714.715,0.000,-714.600
"24-Mar-2025 05:00:00",701.200,39.000,702.284,0.000,-701.200
"24-Mar-2025 05:30:00",695.200,13.600,695.333,0.000,-695.200
"24-Mar-2025 06:00:00",713.000,12.200,713.104,0.000,-713.000
"24-Mar-2025 06:30:00",710.400,18.000,710.628,0.000,-710.400
"24-Mar-2025 07:00:00",776.600,8.000,776.641,0.000,-776.600
"24-Mar-2025 07:30:00",871.400,18.600,871.598,0.000,-871.400
"24-Mar-2025 08:00:00",846.600,10.200,846.661,0.000,-846.600
"24-Mar-2025 08:30:00",894.600,16.600,894.754,0.000,-894.600
"24-Mar-2025 09:00:00",932.800,32.400,933.363,0.000,-932.800
"24-Mar-2025 09:30:00",980.800,24.800,981.113,0.000,-980.800
"24-Mar-2025 10:00:00",943.000,5.400,943.015,0.000,-943.000
"24-Mar-2025 10:30:00",925.600,12.600,925.686,0.000,-925.600
"24-Mar-2025 11:00:00",969.800,25.000,970.122,0.000,-969.800
"24-Mar-2025 11:30:00",1023.000,50.400,1024.241,0.000,-1023.000
"24-Mar-2025 12:00:00",1025.600,25.200,1025.910,0.000,-1025.600
"24-Mar-2025 12:30:00",1003.200,15.000,1003.312,0.000,-1003.200
"24-Mar-2025 13:00:00",1009.200,19.200,1009.383,0.000,-1009.200
"24-Mar-2025 13:30:00",1005.800,12.200,1005.874,0.000,-1005.800
"24-Mar-2025 14:00:00",1025.600,19.200,1025.780,0.000,-1025.600
"24-Mar-2025 14:30:00",1025.600,13.200,1025.685,0.000,-1025.600
"24-Mar-2025 15:00:00",1021.200,6.800,1021.223,0.000,-1021.200
"24-Mar-2025 15:30:00",1018.000,11.800,1018.068,0.000,-1018.000
"24-Mar-2025 16:00:00",1032.600,18.000,1032.757,0.000,-1032.600
"24-Mar-2025 16:30:00",1012.400,14.000,1012.497,0.000,-1012.400
"24-Mar-2025 17:00:00",957.800,13.600,957.897,0.000,-957.800
"24-Mar-2025 17:30:00",919.600,8.600,919.640,0.000,-919.600
"24-Mar-2025 18:00:00",878.600,8.600,878.642,0.000,-878.600
"24-Mar-2025 18:30:00",863.600,3.000,863.605,0.000,-863.600
"24-Mar-2025 19:00:00",871.200,11.600,871.277,0.000,-871.200
"24-Mar-2025 19:30:00",861.000,25.000,861.363,0.000,-861.000
"24-Mar-2025 20:00:00",803.200,13.400,803.312,0.000,-803.200
"24-Mar-2025 20:30:00",753.200,3.800,753.210,0.000,-753.200
"24-Mar-2025 21:00:00",750.800,14.600,750.942,0.000,-750.800
"24-Mar-2025 21:30:00",694.600,11.800,694.700,0.000,-694.600
"24-Mar-2025 22:00:00",662.000,6.000,662.027,0.000,-662.000
"24-Mar-2025 22:30:00",650.800,6.400,650.831,0.000,-650.800
"24-Mar-2025 23:00:00",629.200,6.200,629.231,0.000,-629.200
"24-Mar-2025 23:30:00",611.000,2.600,611.006,0.000,-611.000
"25-Mar-2025 00:00:00",598.000,0.800,598.001,0.000,-598.000
"25-Mar-2025 00:30:00",592.600,0.600,592.600,0.000,-592.600
"25-Mar-2025 01:00:00",572.000,0.400,572.000,0.000,-572.000
"25-Mar-2025 01:30:00",572.200,0.600,572.200,0.000,-572.200
"25-Mar-2025 02:00:00",569.600,1.000,569.601,0.000,-569.600
"25-Mar-2025 02:30:00",571.000,0.800,571.001,0.000,-571.000
"25-Mar-2025 03:00:00",561.800,1.200,561.801,0.000,-561.800
"25-Mar-2025 03:30:00",557.800,1.600,557.802,0.000,-557.800
"25-Mar-2025 04:00:00",594.400,2.400,594.405,0.000,-594.400
"25-Mar-2025 04:30:00",585.800,3.400,585.810,0.000,-585.800
"25-Mar-2025 05:00:00",588.000,3.600,588.011,0.000,-588.000
"25-Mar-2025 05:30:00",587.200,2.400,587.205,0.000,-587.200
"25-Mar-2025 06:00:00",605.400,30.800,606.183,0.000,-605.400
"25-Mar-2025 06:30:00",652.800,41.400,654.111,0.000,-652.800
"25-Mar-2025 07:00:00",671.800,42.800,673.162,0.000,-671.800
"25-Mar-2025 07:30:00",417.200,9.200,417.301,0.000,-417.200
"25-Mar-2025 08:00:00",490.400,12.800,490.567,0.000,-490.400
"25-Mar-2025 08:30:00",797.600,42.800,798.748,0.000,-797.600
"25-Mar-2025 09:00:00",819.400,39.800,820.366,0.000,-819.400
"25-Mar-2025 09:30:00",963.600,9.400,963.646,0.000,-963.600
"25-Mar-2025 10:00:00",935.200,1.200,935.201,0.000,-935.200
"25-Mar-2025 10:30:00",947.200,0.800,947.200,0.000,-947.200
"25-Mar-2025 11:00:00",964.000,2.400,964.003,0.000,-964.000
"25-Mar-2025 11:30:00",993.600,13.800,993.696,0.000,-993.600
"25-Mar-2025 12:00:00",1060.000,1.200,1060.001,0.000,-1060.000
"25-Mar-2025 12:30:00",990.400,0.400,990.400,0.000,-990.400
"25-Mar-2025 13:00:00",970.800,9.600,970.847,0.000,-970.800
"25-Mar-2025 13:30:00",991.400,7.800,991.431,0.000,-991.400
"25-Mar-2025 14:00:00",980.600,6.200,980.620,0.000,-980.600
"25-Mar-2025 14:30:00",990.000,11.200,990.063,0.000,-990.000
"25-Mar-2025 15:00:00",991.200,4.400,991.210,0.000,-991.200
"25-Mar-2025 15:30:00",991.800,11.800,991.870,0.000,-991.800
"25-Mar-2025 16:00:00",1011.800,22.400,1012.048,0.000,-1011.800
"25-Mar-2025 16:30:00",985.200,18.000,985.364,0.000,-985.200
"25-Mar-2025 17:00:00",906.400,4.000,906.409,0.000,-906.400
"25-Mar-2025 17:30:00",893.400,8.000,893.436,0.000,-893.400
"25-Mar-2025 18:00:00",854.200,2.600,854.204,0.000,-854.200
"25-Mar-2025 18:30:00",850.600,4.600,850.612,0.000,-850.600
"25-Mar-2025 19:00:00",833.400,7.200,833.431,0.000,-833.400
"25-Mar-2025 19:30:00",803.400,4.400,803.412,0.000,-803.400
"25-Mar-2025 20:00:00",778.200,2.800,778.205,0.000,-778.200
"25-Mar-2025 20:30:00",775.600,2.400,775.604,0.000,-775.600
"25-Mar-2025 21:00:00",709.600,4.400,709.614,0.000,-709.600
"25-Mar-2025 21:30:00",691.200,0.400,691.200,0.000,-691.200
"25-Mar-2025 22:00:00",669.800,0.800,669.800,0.000,-669.800
"25-Mar-2025 22:30:00",656.600,0.000,656.600,0.000,-656.600
"25-Mar-2025 23:00:00",699.800,4.200,699.813,0.000,-699.800
"25-Mar-2025 23:30:00",644.800,0.200,644.800,0.000,-644.800
"26-Mar-2025 00:00:00",696.200,2.400,696.204,0.000,-696.200
"26-Mar-2025 00:30:00",695.000,6.400,695.029,0.000,-695.000
"26-Mar-2025 01:00:00",670.200,3.400,670.209,0.000,-670.200
"26-Mar-2025 01:30:00",669.600,0.000,669.600,0.000,-669.600
"26-Mar-2025 02:00:00",730.800,0.800,730.800,0.000,-730.800
"26-Mar-2025 02:30:00",714.400,11.400,714.491,0.000,-714.400
"26-Mar-2025 03:00:00",676.000,13.800,676.141,0.000,-676.000
"26-Mar-2025 03:30:00",697.800,1.600,697.802,0.000,-697.800
"26-Mar-2025 04:00:00",694.800,5.800,694.824,0.000,-694.800
"26-Mar-2025 04:30:00",691.200,2.400,691.204,0.000,-691.200
"26-Mar-2025 05:00:00",729.600,5.400,729.620,0.000,-729.600
"26-Mar-2025 05:30:00",715.200,7.400,715.238,0.000,-715.200
"26-Mar-2025 06:00:00",717.600,1.200,717.601,0.000,-717.600
"26-Mar-2025 06:30:00",692.800,10.000,692.872,0.000,-692.800
"26-Mar-2025 07:00:00",671.400,3.400,671.409,0.000,-671.400
"26-Mar-2025 07:30:00",730.800,8.600,730.851,0.000,-730.800
"26-Mar-2025 08:00:00",875.200,9.600,875.253,0.000,-875.200
"26-Mar-2025 08:30:00",919.000,10.400,919.059,0.000,-919.000
"26-Mar-2025 09:00:00",958.400,4.600,958.411,0.000,-958.400
"26-Mar-2025 09:30:00",975.000,3.600,975.007,0.000,-975.000
"26-Mar-2025 10:00:00",1009.400,7.000,1009.424,0.000,-1009.400
"26-Mar-2025 10:30:00",961.400,5.600,961.416,0.000,-961.400
"26-Mar-2025 11:00:00",967.600,3.200,967.605,0.000,-967.600
"26-Mar-2025 11:30:00",990.200,45.400,991.240,0.000,-990.200
"26-Mar-2025 12:00:00",1045.200,19.800,1045.388,0.000,-1045.200
"26-Mar-2025 12:30:00",989.600,7.800,989.631,0.000,-989.600
"26-Mar-2025 13:00:00",973.800,5.600,973.816,0.000,-973.800
"26-Mar-2025 13:30:00",976.400,9.600,976.447,0.000,-976.400
"26-Mar-2025 14:00:00",975.800,8.800,975.840,0.000,-975.800
"26-Mar-2025 14:30:00",989.400,41.000,990.249,0.000,-989.400
"26-Mar-2025 15:00:00",1005.200,19.400,1005.387,0.000,-1005.200
"26-Mar-2025 15:30:00",968.000,20.800,968.223,0.000,-968.000
"26-Mar-2025 16:00:00",964.400,25.800,964.745,0.000,-964.400
"26-Mar-2025 16:30:00",986.600,34.200,987.193,0.000,-986.600
"26-Mar-2025 17:00:00",941.800,26.400,942.170,0.000,-941.800
"26-Mar-2025 17:30:00",921.200,6.800,921.225,0.000,-921.200
"26-Mar-2025 18:00:00",896.400,3.200,896.406,0.000,-896.400
"26-Mar-2025 18:30:00",882.200,7.200,882.229,0.000,-882.200
"26-Mar-2025 19:00:00",867.800,5.800,867.819,0.000,-867.800
"26-Mar-2025 19:30:00",844.000,15.200,844.137,0.000,-844.000
"26-Mar-2025 20:00:00",824.000,22.000,824.294,0.000,-824.000
"26-Mar-2025 20:30:00",760.600,10.000,760.666,0.000,-760.600
"26-Mar-2025 21:00:00",702.400,46.200,703.918,0.000,-702.400
"26-Mar-2025 21:30:00",680.200,49.600,682.006,0.000,-680.200
"26-Mar-2025 22:00:00",668.400,50.200,670.282,0.000,-668.400
"26-Mar-2025 22:30:00",659.200,48.800,661.004,0.000,-659.200
"26-Mar-2025 23:00:00",650.800,47.400,652.524,0.000,-650.800
"26-Mar-2025 23:30:00",631.800,45.200,633.415,0.000,-631.800
"27-Mar-2025 00:00:00",632.200,47.400,633.974,0.000,-632.200
"27-Mar-2025 00:30:00",619.200,45.400,620.862,0.000,-619.200
"27-Mar-2025 01:00:00",605.800,43.400,607.353,0.000,-605.800
"27-Mar-2025 01:30:00",616.400,45.600,618.084,0.000,-616.400
"27-Mar-2025 02:00:00",621.600,46.400,623.329,0.000,-621.600
"27-Mar-2025 02:30:00",615.200,46.400,616.947,0.000,-615.200
"27-Mar-2025 03:00:00",605.600,45.800,607.329,0.000,-605.600
"27-Mar-2025 03:30:00",617.400,49.600,619.389,0.000,-617.400
"27-Mar-2025 04:00:00",612.800,48.800,614.740,0.000,-612.800
"27-Mar-2025 04:30:00",654.200,51.200,656.200,0.000,-654.200
"27-Mar-2025 05:00:00",640.600,50.400,642.580,0.000,-640.600
"27-Mar-2025 05:30:00",641.200,51.000,643.225,0.000,-641.200
"27-Mar-2025 06:00:00",690.400,59.000,692.916,0.000,-690.400
"27-Mar-2025 06:30:00",646.000,58.400,648.634,0.000,-646.000
"27-Mar-2025 07:00:00",513.000,28.400,513.786,0.000,-513.000
"27-Mar-2025 07:30:00",524.400,30.400,525.280,0.000,-524.400
"27-Mar-2025 08:00:00",788.000,62.200,790.451,0.000,-788.000
"27-Mar-2025 08:30:00",844.800,47.600,846.140,0.000,-844.800
"27-Mar-2025 09:00:00",888.600,12.800,888.692,0.000,-888.600
"27-Mar-2025 09:30:00",920.200,22.600,920.477,0.000,-920.200
"27-Mar-2025 10:00:00",944.400,54.200,945.954,0.000,-944.400
"27-Mar-2025 10:30:00",941.400,70.800,944.059,0.000,-941.400
"27-Mar-2025 11:00:00",991.400,83.400,994.902,0.000,-991.400
"27-Mar-2025 11:30:00",1006.600,82.600,1009.983,0.000,-1006.600
"27-Mar-2025 12:00:00",1017.000,101.800,1022.082,0.000,-1017.000
"27-Mar-2025 12:30:00",993.600,77.400,996.610,0.000,-993.600
"27-Mar-2025 13:00:00",981.200,77.400,984.248,0.000,-981.200
"27-Mar-2025 13:30:00",983.000,76.800,985.996,0.000,-983.000
"27-Mar-2025 14:00:00",985.400,100.400,990.502,0.000,-985.400
"27-Mar-2025 14:30:00",983.800,100.800,988.950,0.000,-983.800
"27-Mar-2025 15:00:00",975.400,99.800,980.492,0.000,-975.400
"27-Mar-2025 15:30:00",969.600,94.800,974.223,0.000,-969.600
"27-Mar-2025 16:00:00",996.400,93.600,1000.787,0.000,-996.400
"27-Mar-2025 16:30:00",991.400,108.200,997.287,0.000,-991.400
"27-Mar-2025 17:00:00",946.200,93.400,950.799,0.000,-946.200
"27-Mar-2025 17:30:00",937.600,92.000,942.103,0.000,-937.600
"27-Mar-2025 18:00:00",908.400,87.000,912.557,0.000,-908.400
"27-Mar-2025 18:30:00",901.400,82.400,905.158,0.000,-901.400
"27-Mar-2025 19:00:00",917.000,78.600,920.362,0.000,-917.000
"27-Mar-2025 19:30:00",874.600,70.400,877.429,0.000,-874.600
"27-Mar-2025 20:00:00",806.400,59.800,808.614,0.000,-806.400
"27-Mar-2025 20:30:00",742.800,49.400,744.441,0.000,-742.800
"27-Mar-2025 21:00:00",721.800,34.600,722.629,0.000,-721.800
"27-Mar-2025 21:30:00",706.000,36.200,706.927,0.000,-706.000
"27-Mar-2025 22:00:00",656.800,33.800,657.669,0.000,-656.800
"27-Mar-2025 22:30:00",651.000,34.600,651.919,0.000,-651.000
"27-Mar-2025 23:00:00",632.000,32.400,632.830,0.000,-632.000
"27-Mar-2025 23:30:00",622.400,46.600,624.142,0.000,-622.400
"28-Mar-2025 00:00:00",607.200,54.800,609.668,0.000,-607.200
"28-Mar-2025 00:30:00",603.800,54.000,606.210,0.000,-603.800
"28-Mar-2025 01:00:00",593.400,52.000,595.674,0.000,-593.400
"28-Mar-2025 01:30:00",595.600,53.400,597.989,0.000,-595.600
"28-Mar-2025 02:00:00",597.800,54.000,600.234,0.000,-597.800
"28-Mar-2025 02:30:00",589.000,52.400,591.326,0.000,-589.000
"28-Mar-2025 03:00:00",583.400,52.600,585.766,0.000,-583.400
"28-Mar-2025 03:30:00",584.000,55.400,586.622,0.000,-584.000
"28-Mar-2025 04:00:00",580.400,54.800,582.981,0.000,-580.400
"28-Mar-2025 04:30:00",612.600,56.600,615.209,0.000,-612.600
"28-Mar-2025 05:00:00",611.600,55.800,614.140,0.000,-611.600
"28-Mar-2025 05:30:00",611.400,57.200,614.070,0.000,-611.400
"28-Mar-2025 06:00:00",648.600,66.000,651.949,0.000,-648.600
"28-Mar-2025 06:30:00",668.200,59.000,670.800,0.000,-668.200
"28-Mar-2025 07:00:00",709.400,55.000,711.529,0.000,-709.400
"28-Mar-2025 07:30:00",737.200,54.000,739.175,0.000,-737.200
"28-Mar-2025 08:00:00",764.400,56.600,766.493,0.000,-764.400
"28-Mar-2025 08:30:00",797.000,33.800,797.716,0.000,-797.000
"28-Mar-2025 09:00:00",838.600,52.000,840.211,0.000,-838.600
"28-Mar-2025 09:30:00",941.800,9.600,941.849,0.000,-941.800
"28-Mar-2025 10:00:00",951.800,6.600,951.823,0.000,-951.800
"28-Mar-2025 10:30:00",962.000,1.600,962.001,0.000,-962.000
"28-Mar-2025 11:00:00",976.800,12.400,976.879,0.000,-976.800
"28-Mar-2025 11:30:00",1010.000,40.000,1010.792,0.000,-1010.000
"28-Mar-2025 12:00:00",1019.800,22.400,1020.046,0.000,-1019.800
"28-Mar-2025 12:30:00",1021.200,0.800,1021.200,0.000,-1021.200
"28-Mar-2025 13:00:00",1002.600,0.600,1002.600,0.000,-1002.600
"28-Mar-2025 13:30:00",984.600,8.200,984.634,0.000,-984.600
"28-Mar-2025 14:00:00",992.000,6.200,992.019,0.000,-992.000
"28-Mar-2025 14:30:00",975.200,3.200,975.205,0.000,-975.200
"28-Mar-2025 15:00:00",968.600,18.400,968.775,0.000,-968.600
"28-Mar-2025 15:30:00",951.000,15.600,951.128,0.000,-951.000
"28-Mar-2025 16:00:00",955.200,23.000,955.477,0.000,-955.200
"28-Mar-2025 16:30:00",964.000,22.200,964.256,0.000,-964.000
"28-Mar-2025 17:00:00",912.600,17.800,912.774,0.000,-912.600
"28-Mar-2025 17:30:00",892.200,10.000,892.256,0.000,-892.200
"28-Mar-2025 18:00:00",885.600,4.000,885.609,0.000,-885.600
"28-Mar-2025 18:30:00",852.400,0.800,852.400,0.000,-852.400
"28-Mar-2025 19:00:00",849.600,11.200,849.674,0.000,-849.600
"28-Mar-2025 19:30:00",822.400,10.800,822.471,0.000,-822.400
"28-Mar-2025 20:00:00",793.400,42.400,794.532,0.000,-793.400
"28-Mar-2025 20:30:00",814.600,33.000,815.268,0.000,-814.600
"28-Mar-2025 21:00:00",752.800,7.600,752.838,0.000,-752.800
"28-Mar-2025 21:30:00",711.200,42.000,712.439,0.000,-711.200
"28-Mar-2025 22:00:00",688.200,40.000,689.361,0.000,-688.200
"28-Mar-2025 22:30:00",674.400,36.800,675.403,0.000,-674.400
"28-Mar-2025 23:00:00",685.200,41.600,686.462,0.000,-685.200
"28-Mar-2025 23:30:00",720.600,21.800,720.930,0.000,-720.600
"29-Mar-2025 00:00:00",703.600,2.000,703.603,0.000,-703.600
"29-Mar-2025 00:30:00",674.600,43.200,675.982,0.000,-674.600
"29-Mar-2025 01:00:00",693.800,23.400,694.194,0.000,-693.800
"29-Mar-2025 01:30:00",692.400,5.600,692.423,0.000,-692.400
"29-Mar-2025 02:00:00",656.400,29.200,657.049,0.000,-656.400
"29-Mar-2025 02:30:00",684.800,29.400,685.431,0.000,-684.800
"29-Mar-2025 03:00:00",680.600,9.400,680.665,0.000,-680.600
"29-Mar-2025 03:30:00",636.200,40.400,637.481,0.000,-636.200
"29-Mar-2025 04:00:00",644.200,41.000,645.503,0.000,-644.200
"29-Mar-2025 04:30:00",697.000,46.000,698.516,0.000,-697.000
"29-Mar-2025 05:00:00",679.600,43.600,680.997,0.000,-679.600
"29-Mar-2025 05:30:00",684.200,48.800,685.938,0.000,-684.200
"29-Mar-2025 06:00:00",680.000,49.200,681.778,0.000,-680.000
"29-Mar-2025 06:30:00",708.600,60.200,711.153,0.000,-708.600
"29-Mar-2025 07:00:00",746.600,54.400,748.579,0.000,-746.600
"29-Mar-2025 07:30:00",747.000,63.200,749.669,0.000,-747.000
"29-Mar-2025 08:00:00",779.600,63.800,782.206,0.000,-779.600
"29-Mar-2025 08:30:00",814.800,18.800,815.017,0.000,-814.800
"29-Mar-2025 09:00:00",806.200,33.200,806.883,0.000,-806.200
"29-Mar-2025 09:30:00",859.400,37.000,860.196,0.000,-859.400
"29-Mar-2025 10:00:00",866.800,19.400,867.017,0.000,-866.800
"29-Mar-2025 10:30:00",861.800,15.600,861.941,0.000,-861.800
"29-Mar-2025 11:00:00",905.600,11.200,905.669,0.000,-905.600
"29-Mar-2025 11:30:00",937.000,29.800,937.474,0.000,-937.000
"29-Mar-2025 12:00:00",919.600,26.000,919.967,0.000,-919.600
"29-Mar-2025 12:30:00",913.800,17.400,913.966,0.000,-913.800
"29-Mar-2025 13:00:00",921.200,10.400,921.259,0.000,-921.200
"29-Mar-2025 13:30:00",908.200,7.400,908.230,0.000,-908.200
"29-Mar-2025 14:00:00",919.200,5.800,919.218,0.000,-919.200
"29-Mar-2025 14:30:00",910.600,2.400,910.603,0.000,-910.600
"29-Mar-2025 15:00:00",893.400,1.200,893.401,0.000,-893.400
"29-Mar-2025 15:30:00",899.200,1.600,899.201,0.000,-899.200
"29-Mar-2025 16:00:00",915.000,8.200,915.037,0.000,-915.000
"29-Mar-2025 16:30:00",911.600,9.800,911.653,0.000,-911.600
"29-Mar-2025 17:00:00",873.000,1.200,873.001,0.000,-873.000
"29-Mar-2025 17:30:00",869.000,3.400,869.007,0.000,-869.000
"29-Mar-2025 18:00:00",840.600,0.600,840.600,0.000,-840.600
"29-Mar-2025 18:30:00",839.400,0.600,839.400,0.000,-839.400
"29-Mar-2025 19:00:00",844.200,0.800,844.200,0.000,-844.200
"29-Mar-2025 19:30:00",825.800,0.600,825.800,0.000,-825.800
"29-Mar-2025 20:00:00",829.400,0.800,829.400,0.000,-829.400
"29-Mar-2025 20:30:00",797.200,0.200,797.200,0.000,-797.200
"29-Mar-2025 21:00:00",760.600,0.200,760.600,0.000,-760.600
"29-Mar-2025 21:30:00",759.400,0.000,759.400,0.000,-759.400
"29-Mar-2025 22:00:00",737.600,5.000,737.617,0.000,-737.600
"29-Mar-2025 22:30:00",720.600,7.800,720.642,0.000,-720.600
"29-Mar-2025 23:00:00",682.200,26.600,682.718,0.000,-682.200
"29-Mar-2025 23:30:00",712.200,29.000,712.790,0.000,-712.200
"30-Mar-2025 00:00:00",696.800,2.600,696.805,0.000,-696.800
"30-Mar-2025 00:30:00",653.800,20.400,654.118,0.000,-653.800
"30-Mar-2025 01:00:00",640.800,37.400,641.890,0.000,-640.800
"30-Mar-2025 01:30:00",632.000,35.600,633.002,0.000,-632.000
"30-Mar-2025 02:00:00",675.200,7.200,675.238,0.000,-675.200
"30-Mar-2025 02:30:00",629.000,29.800,629.706,0.000,-629.000
"30-Mar-2025 03:00:00",622.200,40.800,623.536,0.000,-622.200
"30-Mar-2025 03:30:00",646.800,29.000,647.450,0.000,-646.800
"30-Mar-2025 04:00:00",664.400,33.600,665.249,0.000,-664.400
"30-Mar-2025 04:30:00",664.200,64.200,667.295,0.000,-664.200
"30-Mar-2025 05:00:00",634.000,67.200,637.551,0.000,-634.000
"30-Mar-2025 05:30:00",630.800,65.800,634.223,0.000,-630.800
"30-Mar-2025 06:00:00",646.400,71.600,650.353,0.000,-646.400
"30-Mar-2025 06:30:00",669.200,79.600,673.918,0.000,-669.200
"30-Mar-2025 07:00:00",670.200,77.000,674.609,0.000,-670.200
"30-Mar-2025 07:30:00",686.400,80.000,691.046,0.000,-686.400
"30-Mar-2025 08:00:00",698.400,81.400,703.128,0.000,-698.400
"30-Mar-2025 08:30:00",719.800,69.800,723.176,0.000,-719.800
"30-Mar-2025 09:00:00",732.800,61.400,735.368,0.000,-732.800
"30-Mar-2025 09:30:00",762.800,65.600,765.616,0.000,-762.800
"30-Mar-2025 10:00:00",743.800,64.200,746.566,0.000,-743.800
"30-Mar-2025 10:30:00",742.000,65.600,744.894,0.000,-742.000
"30-Mar-2025 11:00:00",752.200,67.400,755.214,0.000,-752.200
"30-Mar-2025 11:30:00",836.200,63.400,838.600,0.000,-836.200
"30-Mar-2025 12:00:00",810.000,36.200,810.809,0.000,-810.000
"30-Mar-2025 12:30:00",762.600,81.800,766.975,0.000,-762.600
"30-Mar-2025 13:00:00",826.800,29.800,827.337,0.000,-826.800
"30-Mar-2025 13:30:00",798.400,22.800,798.725,0.000,-798.400
"30-Mar-2025 14:00:00",824.600,28.200,825.082,0.000,-824.600
"30-Mar-2025 14:30:00",816.000,20.800,816.265,0.000,-816.000
"30-Mar-2025 15:00:00",811.400,23.600,811.743,0.000,-811.400
"30-Mar-2025 15:30:00",792.400,19.600,792.642,0.000,-792.400
"30-Mar-2025 16:00:00",816.400,28.600,816.901,0.000,-816.400
"30-Mar-2025 16:30:00",839.400,32.800,840.041,0.000,-839.400
"30-Mar-2025 17:00:00",813.800,25.200,814.190,0.000,-813.800
"30-Mar-2025 17:30:00",809.000,23.000,809.327,0.000,-809.000
"30-Mar-2025 18:00:00",787.400,29.400,787.949,0.000,-787.400
"30-Mar-2025 18:30:00",778.800,20.400,779.067,0.000,-778.800
"30-Mar-2025 19:00:00",773.000,24.600,773.391,0.000,-773.000
"30-Mar-2025 19:30:00",745.400,66.400,748.352,0.000,-745.400
"30-Mar-2025 20:00:00",799.400,16.200,799.564,0.000,-799.400
"30-Mar-2025 20:30:00",736.200,19.800,736.466,0.000,-736.200
"30-Mar-2025 21:00:00",677.400,62.800,680.305,0.000,-677.400
"30-Mar-2025 21:30:00",672.000,70.800,675.719,0.000,-672.000
"30-Mar-2025 22:00:00",652.600,66.800,656.010,0.000,-652.600
"30-Mar-2025 22:30:00",640.800,64.800,644.068,0.000,-640.800
"30-Mar-2025 23:00:00",634.800,64.400,638.058,0.000,-634.800
"30-Mar-2025 23:30:00",624.400,61.200,627.392,0.000,-624.400
"31-Mar-2025 00:00:00",627.600,67.000,631.166,0.000,-627.600
"31-Mar-2025 00:30:00",621.600,66.800,625.179,0.000,-621.600
"31-Mar-2025 01:00:00",595.600,64.000,599.029,0.000,-595.600
"31-Mar-2025 01:30:00",596.800,62.800,600.095,0.000,-596.800
"31-Mar-2025 02:00:00",608.000,66.600,611.637,0.000,-608.000
"31-Mar-2025 02:30:00",589.800,62.600,593.113,0.000,-589.800
"31-Mar-2025 03:00:00",581.000,62.400,584.341,0.000,-581.000
"31-Mar-2025 03:30:00",594.800,64.800,598.319,0.000,-594.800
"31-Mar-2025 04:00:00",597.200,65.800,600.814,0.000,-597.200
"31-Mar-2025 04:30:00",638.800,64.000,641.998,0.000,-638.800
"31-Mar-2025 05:00:00",634.800,68.600,638.496,0.000,-634.800
"31-Mar-2025 05:30:00",650.600,63.400,653.682,0.000,-650.600
"31-Mar-2025 06:00:00",680.200,69.200,683.711,0.000,-680.200
"31-Mar-2025 06:30:00",699.800,78.200,704.156,0.000,-699.800
"31-Mar-2025 07:00:00",739.000,53.800,740.956,0.000,-739.000
"31-Mar-2025 07:30:00",792.000,65.800,794.729,0.000,-792.000
"31-Mar-2025 08:00:00",836.200,72.200,839.311,0.000,-836.200
"31-Mar-2025 08:30:00",827.600,70.000,830.555,0.000,-827.600
"31-Mar-2025 09:00:00",881.200,63.600,883.492,0.000,-881.200
"31-Mar-2025 09:30:00",949.800,50.600,951.147,0.000,-949.800
"31-Mar-2025 10:00:00",949.000,13.000,949.089,0.000,-949.000
"31-Mar-2025 10:30:00",953.200,4.200,953.209,0.000,-953.200
"31-Mar-2025 11:00:00",986.800,26.800,987.164,0.000,-986.800
"31-Mar-2025 11:30:00",1028.000,36.200,1028.637,0.000,-1028.000
"31-Mar-2025 12:00:00",1019.800,31.400,1020.283,0.000,-1019.800
"31-Mar-2025 12:30:00",1016.800,10.400,1016.853,0.000,-1016.800
"31-Mar-2025 13:00:00",994.800,12.000,994.872,0.000,-994.800
"31-Mar-2025 13:30:00",1002.400,3.000,1002.404,0.000,-1002.400
"31-Mar-2025 14:00:00",999.800,26.400,1000.148,0.000,-999.800
"31-Mar-2025 14:30:00",994.600,27.000,994.966,0.000,-994.600
"31-Mar-2025 15:00:00",952.400,8.200,952.435,0.000,-952.400
"31-Mar-2025 15:30:00",979.600,22.200,979.852,0.000,-979.600
"31-Mar-2025 16:00:00",997.200,30.200,997.657,0.000,-997.200
"31-Mar-2025 16:30:00",983.000,24.200,983.298,0.000,-983.000
"31-Mar-2025 17:00:00",944.600,19.200,944.795,0.000,-944.600
"31-Mar-2025 17:30:00",912.600,7.600,912.632,0.000,-912.600
"31-Mar-2025 18:00:00",905.400,7.200,905.429,0.000,-905.400
"31-Mar-2025 18:30:00",879.800,3.600,879.807,0.000,-879.800
"31-Mar-2025 19:00:00",873.000,8.400,873.040,0.000,-873.000
"31-Mar-2025 19:30:00",855.600,7.400,855.632,0.000,-855.600
"31-Mar-2025 20:00:00",811.800,3.600,811.808,0.000,-811.800
"31-Mar-2025 20:30:00",744.600,29.600,745.188,0.000,-744.600
"31-Mar-2025 21:00:00",758.000,29.000,758.555,0.000,-758.000
"31-Mar-2025 21:30:00",736.000,16.600,736.187,0.000,-736.000
"31-Mar-2025 22:00:00",673.200,54.000,675.362,0.000,-673.200
"31-Mar-2025 22:30:00",671.000,69.000,674.538,0.000,-671.000
"31-Mar-2025 23:00:00",660.400,67.600,663.851,0.000,-660.400
"31-Mar-2025 23:30:00",653.400,66.600,656.785,0.000,-653.400
